date,open,high,low,close,adjusted close,volume,dividend amount,split coefficient,ticker,vwap,rsi,spikes
2023-03-20,11.08,11.1,10.62,10.92,10.92,2234899,0.0,1.0,ALT,4.995313486517543,85.97555580092467,120.60606060606061
2022-09-13,19.85,21.62,18.83,20.38,20.38,2155634,0.0,1.0,ALT,13.990094960961176,81.49182446163994,37.05447209145931
2021-06-29,16.36,17.26,15.86,15.9,15.9,3705191,0.0,1.0,ALT,10.248065658918314,80.01541114332343,61.421319796954336
2020-11-06,12.16,12.49,11.99,12.45,12.45,653587,0.0,1.0,ALT,9.560060545190359,56.52300364386719,58.902361199744725
2019-03-07,3.78,5.94,3.37,4.54,4.54,31435225,0.0,1.0,ALT,3.835254058049748,75.34661545263617,57.63888888888891
2018-12-12,3.05,3.12,3.0,3.05,3.05,171285,0.0,1.0,ALT,2.252030340759496,63.66248957843733,26.556016597510368
2018-10-05,4.67,7.6,4.569,7.24,7.24,11963598,0.0,1.0,ALT,5.162350312861598,81.91770683396805,46.55870445344128
2018-09-27,11.17,11.257,8.75,8.78,8.78,606925,0.0,1.0,ALT,5.2266527952853385,71.11672971336799,99.54545454545452
2018-09-26,13.01,13.01,11.12,12.13,12.13,193125,0.0,1.0,ALT,5.3537522056374,78.60645685640463,38.15489749430525
2018-09-21,26.9,33.67,26.0,26.19,26.19,880597,0.0,1.0,ALT,6.306839981136858,90.86104451724664,88.41726618705037
2017-02-03,3.25,3.3,3.2,3.3,25.5076530612245,1244776,0.0,1.0,ALT,1.110684503382887,82.91311811277524,226.7326732673267
2009-12-07,3.5,3.5,3.25,3.26,25.1984693877551,67200,0.0,1.0,ALT,1.4844714909550205,81.60310056340401,110.32258064516127
2008-11-12,1.1,1.18,1.07,1.1,8.50255102040817,32300,0.0,1.0,ALT,0.9570068148360091,44.04130719288586,29.41176470588236
2008-10-21,1.5,1.5,1.5,1.5,11.5943877551021,2100,0.0,1.0,ALT,1.197130317392017,62.67030022423933,31.578947368421062
2022-06-23,1.25,1.25,1.14,1.18,1.18,136630,0.0,1.0,IFRX,1.385662285845916,39.2186489513983,51.08834827144686
2022-03-30,2.29,2.39,2.25,2.39,2.39,155029,0.0,1.0,IFRX,1.8661136755020669,76.05089718000956,30.601092896174876
2020-06-16,7.33,7.3755,6.8,7.2,7.2,545097,0.0,1.0,IFRX,5.294091004544191,77.53355550349531,33.456904541241904
2020-03-02,4.33,6.18,4.3,6.08,6.08,4992749,0.0,1.0,IFRX,4.233719555715046,67.61659430332226,32.46187363834423
2019-06-04,36.97,37.47,36.21,37.29,37.29,192610,0.0,1.0,IFRX,3.5151918056556317,98.05300967712029,1118.627450980392
2022-12-09,5.48,6.07,5.41,5.68,5.68,696988,0.0,1.0,NOTV,4.468814766857134,54.45688542370667,35.23809523809523
2022-11-16,16.4,16.445,15.53,15.85,15.85,230456,0.0,1.0,NOTV,6.860393636566424,85.22195253559876,132.4046920821114
2022-05-20,18.7,18.83,17.1,18.33,18.33,144011,0.0,1.0,NOTV,14.735662369301414,64.7995210518007,39.497716894977145
2021-09-21,40.05,50.33,40.05,49.93,49.93,474346,0.0,1.0,NOTV,35.01967386412983,72.66790034957428,46.37936089123424
2019-11-18,5.27,5.28,5.1,5.15,5.15,36327,0.0,1.0,NOTV,4.3660370142596525,62.28868386067697,27.475247524752476
2010-12-21,3.32,3.75,2.56,2.58,2.58,177300,0.0,1.0,NOTV,2.401446202145458,55.160671794170625,25.85365853658539
2010-12-20,3.0,3.98,2.96,3.55,3.55,308600,0.0,1.0,NOTV,2.571363552404418,67.10529776393913,37.5968992248062
2009-11-06,1.79,1.79,1.325,1.529,1.529,61900,0.0,1.0,NOTV,1.332363201320131,67.79501723790776,27.416666666666668
2009-05-19,1.3,1.7,1.3,1.7,1.7,700,0.0,1.0,NOTV,1.1113790447129943,84.18563848140816,25.73964497041419
2009-03-18,1.54,1.54,1.48,1.48,1.48,200,0.0,1.0,NOTV,1.1869795620437786,61.81082367556198,28.695652173913054
2009-03-13,1.0,1.705,1.0,1.705,1.705,1000,0.0,1.0,NOTV,1.2121602649006467,65.7653386927538,34.251968503937015
2009-03-05,1.4,1.4,1.0,1.0,1.0,3000,0.0,1.0,NOTV,1.0172071530758127,45.54063433013507,33.33333333333333
2008-12-29,2.04,2.0401,1.75,1.75,1.75,6600,0.0,1.0,NOTV,1.3428347004856975,68.84356119510656,29.629629629629626
2008-11-20,3.93,3.98,2.84,3.4,3.4,1500,0.0,1.0,NOTV,2.931026900584785,61.599635478156166,35.999999999999986
2008-11-14,3.7,3.7,3.6,3.6,3.6,2000,0.0,1.0,NOTV,2.9748607305935995,59.808613451612764,26.7605633802817
2005-05-11,8.15,8.75,8.14,8.75,8.75,9600,0.0,1.0,NOTV,6.588020871700425,81.44227180475909,28.09251939686721
2000-10-24,2.69,2.69,2.69,2.69,2.69,0,0.0,1.0,NOTV,2.358343084145896,59.63003981469306,26.588235294117645
2000-07-28,2.969,2.969,2.969,2.969,2.969,100,0.0,1.0,NOTV,2.7695936609686562,54.937899947500966,25.010526315789463
2008-11-19,4.5,4.5,4.5,4.5,3.31150725315617,0,0.0,1.0,HNRG,2.654684095860566,86.03668800150581,76.47058823529413
2008-10-03,5.0,5.0,5.0,5.0,3.67945250350686,0,0.0,1.0,HNRG,2.9955194805194805,69.5070019555752,75.43859649122805
2008-08-04,4.75,4.75,4.75,4.75,3.49547987833151,0,0.0,1.0,HNRG,3.469243986254296,69.99203772768055,26.66666666666666
2008-06-04,4.5,4.5,4.5,4.5,3.31150725315617,400,0.0,1.0,HNRG,3.715,67.19275217412239,28.57142857142858
2008-05-27,4.34,4.34,4.34,4.34,3.19376477304395,0,0.0,1.0,HNRG,3.4500225529995494,58.375763389652,31.51515151515152
2007-03-26,3.25,3.25,3.25,3.25,2.39164412727946,0,0.0,1.0,HNRG,2.5,90.76345216352243,30.000000000000004
2007-01-23,3.0,3.0,3.0,3.0,2.20767150210411,0,0.0,1.0,HNRG,2.606481481481481,70.97892970892956,33.33333333333333
2006-01-26,4.0,4.0,4.0,4.0,2.94356200280548,700,0.0,1.0,HNRG,3.3059259259259264,75.55110682913164,29.032258064516125
2006-01-13,3.9,3.9,3.9,3.9,2.86997295273535,1200,0.0,1.0,HNRG,3.610199004975125,59.61037266368271,25.806451612903224
2005-10-07,3.99,3.99,3.99,3.99,2.93620309779847,0,0.0,1.0,HNRG,3.09,78.93034035869111,30.819672131147556
2005-09-29,3.8,3.8,3.8,3.8,2.79638390266521,0,0.0,1.0,HNRG,3.3466666666666667,61.245381785660456,26.66666666666666
2005-08-31,5.0,5.5,5.0,5.0,3.67945250350686,3100,0.0,1.0,HNRG,3.4791358024691355,73.20787571580335,25.0
2005-05-02,2.3,2.3,2.3,2.3,1.69254815161315,0,0.0,1.0,HNRG,1.9666666666666666,84.95099264553959,27.777777777777768
2005-04-20,3.0,3.0,3.0,3.0,2.20767150210411,0,0.0,1.0,HNRG,2.0588075880758807,95.11673233793123,30.434782608695656
2005-04-11,3.4,3.4,3.4,3.4,2.50202770238466,0,0.0,1.0,HNRG,2.379166666666667,75.39193860630644,47.82608695652175
2004-12-27,3.05,3.05,3.05,3.05,2.24446602713918,0,0.0,1.0,HNRG,2.119658119658121,96.55539258976489,45.238095238095234
2004-06-02,3.5,3.5,3.5,3.5,2.5756167524548,0,0.0,1.0,HNRG,2.9583333333333375,79.73746704740866,25.0
2004-03-16,1.5,1.5,1.5,1.5,1.10383575105206,0,0.0,1.0,HNRG,1.3485185185185196,34.6399316318266,30.434782608695656
2003-12-30,1.25,2.0,1.25,2.0,1.47178100140274,2000,0.0,1.0,HNRG,1.419444444444445,75.36903310019554,66.66666666666667
2003-10-24,1.03,1.03,1.03,1.03,0.757967215722412,0,0.0,1.0,HNRG,0.816666666666667,80.80401587140429,47.14285714285715
2003-01-27,1.05,1.05,1.05,1.05,0.77268502573644,0,0.0,1.0,HNRG,0.8208474576271193,67.05093490039863,50.00000000000002
2002-12-26,0.9,0.9,0.9,0.9,0.662301450631234,0,0.0,1.0,HNRG,0.8625000000000013,51.48260499583244,28.57142857142858
2002-10-25,1.1,3.5,1.1,3.5,2.5756167524548,1500,0.0,1.0,HNRG,2.2400000000000015,99.52837074909257,218.18181818181816
2002-10-22,2.0,2.0,2.0,2.0,1.47178100140274,0,0.0,1.0,HNRG,2.155555555555557,58.082748920055934,81.81818181818181
2002-06-11,1.7,1.7,1.7,1.7,1.25101385119233,0,0.0,1.0,HNRG,1.4000000000000024,98.93101144707299,25.92592592592591
2002-04-26,2.5,2.5,2.5,2.5,1.83972625175343,0,0.0,1.0,HNRG,1.7000000000000122,99.95208716831789,47.058823529411775
2002-04-09,2.5,2.5,2.5,2.5,1.83972625175343,0,0.0,1.0,HNRG,2.0642857142857194,71.36255678869091,47.058823529411775
2001-12-13,2.5,2.5,2.5,2.5,1.83972625175343,0,0.0,1.0,HNRG,1.7931034482758628,99.0812006525932,25.0
2001-12-07,3.62,3.62,3.62,3.62,2.66392361253896,0,0.0,1.0,HNRG,2.1532258064516134,99.6843697632495,44.8
2000-06-07,3.75,3.75,3.75,3.75,2.75958937763014,0,0.0,1.0,HNRG,3.0206666666666675,96.17097313311487,25.0
2000-02-25,1.05,1.05,1.05,1.05,0.77268502573644,0,0.0,1.0,HNRG,0.9773815261044186,47.22872050630362,34.44302176696543
2022-06-06,13.62,14.5,13.56,13.87,13.87,1551697,0.0,1.0,PMVP,11.348381832908535,58.39325475138561,27.716390423572747
2022-05-27,15.39,18.1187,14.73,15.33,15.33,8938067,0.0,1.0,PMVP,12.607990705630778,61.94411633405028,30.35714285714286
2022-08-08,14.28,14.74,13.95,13.98,13.98,887388,0.0,1.0,HEAR,10.269251346773226,78.80689143139071,46.54088050314466
2018-01-12,0.44,0.62,0.43,0.6197,2.4788,2911414,0.0,1.0,HEAR,0.5255434582319762,54.1228726051425,25.44534412955466
2017-03-08,1.5,1.5,1.22,1.41,5.64,2337181,0.0,1.0,HEAR,1.1457538137070415,83.35613937730265,31.77570093457942
2016-02-01,1.32,1.34,1.19,1.23,4.92,76666,0.0,1.0,HEAR,1.0085906343396223,61.52996571627898,29.47368421052632
2014-11-10,5.67,5.86,5.15,5.2,20.8,182916,0.0,1.0,HEAR,4.060987934402767,78.78210629988763,30.982367758186392
2014-04-23,13.41,13.5,12.7556,13.0,52.0,69300,0.0,1.0,HEAR,9.141921475458561,79.25406751378273,39.48497854077253
2013-08-05,17.29,17.69,17.119,17.69,70.76,44700,0.0,1.0,HEAR,14.927824350249306,64.20837188805001,26.357142857142858
2022-11-15,11.63,11.63,10.06,10.1,10.1,242330,0.0,1.0,PVBC,7.564006830902597,78.46770443992446,27.848101265822777
2019-10-16,22.72,22.725,22.03,22.15,10.6669017201922,110765,0.0,1.0,PVBC,11.539267862358605,92.57217609550044,104.71349353049905
2021-06-09,13.42,14.43,13.35,13.51,13.51,246671,0.0,1.0,KLXE,10.476352667517013,77.06785041144478,31.93359375
2021-04-14,14.04,15.36,14.04,14.46,14.46,136709,0.0,1.0,KLXE,9.272346917374776,70.52012991947828,39.03846153846153
2020-06-10,3.14,3.23,2.65,2.94,14.7,1795500,0.0,1.0,KLXE,2.4786300812408824,50.063846305193174,27.27272727272727
2020-03-06,1.91,2.0,1.75,1.79,8.95,417900,0.0,1.0,KLXE,1.252235781979097,68.10700971696562,49.16666666666667
2019-11-18,7.83,7.9,7.15,7.37,36.85,266600,0.0,1.0,KLXE,5.4013329457954455,65.06863771516882,35.72744014732967
2018-11-08,21.87,21.93,21.56,21.78,21.78,201965,0.0,1.0,MPAA,16.89812561748494,71.76624192506897,26.664728118639136
2008-10-08,5.0,5.02,4.24,5.0,5.0,39500,0.0,1.0,MPAA,4.594813725490161,55.99112596429084,26.582278481012644
2001-02-08,1.5,1.5,1.5,1.5,1.5,0,0.0,1.0,MPAA,1.113609122248711,69.12353876591845,57.89473684210527
2000-11-10,1.3,1.5,1.3,1.35,1.35,81000,0.0,1.0,MPAA,1.0164993014464123,69.35673034008327,27.35849056603774
2000-08-15,0.765,0.78,0.65,0.65,0.65,68100,0.0,1.0,MPAA,0.5032980093520344,53.568780673965406,41.30434782608696
2000-04-12,1.562,2.0,1.562,2.0,2.0,400,0.0,1.0,MPAA,1.2692475592747403,86.73683236294528,52.4390243902439
2020-06-10,15.8,16.08,14.505,14.54,14.54,2436280,0.0,1.0,RRGB,12.041465165375858,69.86335848740546,25.344827586206886
2020-03-13,8.85,9.33,7.75,9.17,9.17,860332,0.0,1.0,RRGB,8.53677442077704,49.8706283780928,52.32558139534884
2020-03-11,14.15,14.205,11.27,11.37,11.37,742149,0.0,1.0,RRGB,8.736832018882852,56.28297038090056,43.74209860935523
2020-03-10,15.72,16.3,13.9001,14.61,14.61,704711,0.0,1.0,RRGB,8.966628808916711,63.39804060621766,28.49604221635884
2020-03-04,26.0,26.55,23.93,24.46,24.46,462020,0.0,1.0,RRGB,10.007939711804152,77.46779770101308,26.933056564608204
2017-11-06,66.85,67.75,65.75,67.05,67.05,980225,0.0,1.0,RRGB,50.13175548498895,79.10868853136844,40.56603773584904
2006-11-02,47.6,47.96,45.64,46.0,46.0,975400,0.0,1.0,RRGB,35.01176870514826,82.34676927014768,35.29411764705883
2006-01-09,52.53,52.78,51.91,51.98,51.98,146700,0.0,1.0,RRGB,38.514435608279385,79.22415815142425,35.753460433533554
2005-08-11,59.41,60.09,59.21,59.79,59.79,455400,0.0,1.0,RRGB,46.117611342637225,77.19049629380531,31.262349066959395
2022-12-06,3.33,3.365,3.26,3.32,3.32,109854,0.0,1.0,DAKT,2.3043079084433313,59.95637636820774,64.35643564356435
2022-08-30,4.25,4.26,4.08,4.11,4.11,107741,0.0,1.0,DAKT,3.139349990378011,85.2503014088544,28.437500000000004
2015-08-24,11.23,11.72,11.02,11.05,9.32258538649472,286668,0.0,1.0,DAKT,8.864898069584033,76.24280546746132,25.425652667423382
2011-02-18,16.29,16.45,16.07,16.26,11.1990243130582,183600,0.0,1.0,DAKT,11.809613011526004,81.7309034090977,36.86868686868687
2008-04-22,19.24,19.24,18.53,18.89,11.9902432804027,211500,0.0,1.0,DAKT,14.9914504566479,65.10691999550336,31.4544189283229
2007-11-13,29.0,29.1,27.61,28.57,18.1345288788304,660300,0.0,1.0,DAKT,21.562159005332965,72.45059970206351,43.64002011060835
2007-04-05,28.05,28.12,27.83,27.91,17.6630762991186,634200,0.0,1.0,DAKT,23.47781779678233,71.43760911946207,26.118391323994583
2007-02-13,39.0,39.0,37.9,38.09,24.1055742111583,874400,0.0,1.0,DAKT,28.911333920773057,87.86825076053223,26.586905948820228
2006-08-15,30.18,31.14,29.3,30.97,19.5996228227769,998400,0.0,1.0,DAKT,22.72591465781067,83.9760203509387,38.258928571428584
2006-06-22,53.77,54.81,51.57,52.83,16.7169530792268,480300,0.0,1.0,DAKT,29.378992184525117,85.3768894626009,100.64565134827194
2001-10-10,8.35,8.55,8.25,8.49,2.66665427294779,28300,0.0,1.0,DAKT,6.423204849363639,66.34487501850107,36.935483870967744
2001-07-12,14.2,14.7,13.03,13.36,4.19628988063398,143200,0.0,1.0,DAKT,9.858005182855829,76.32089504362887,31.108930323846916
2001-06-22,28.97,29.5,28.76,29.44,4.62345711399193,103700,0.0,1.0,DAKT,15.690500683930026,87.90870251206476,96.00532623169109
2000-02-15,14.38,14.88,14.0,14.19,2.22849376520195,83100,0.0,1.0,DAKT,10.921893296684292,75.87340935827214,26.13333333333332
2000-01-07,26.88,28.44,26.0,28.0,2.19865487757768,96900,0.0,1.0,DAKT,14.218604418190958,87.3319114423829,65.28925619834709
2020-03-17,14.44,16.3,13.9,16.24,14.243660966756,113189,0.0,1.0,FLIC,14.959944305278935,54.96832945595204,27.8740157480315
2016-11-28,38.65,39.0,38.65,38.8,19.4913283519921,21328,0.0,1.0,FLIC,28.157725426976963,81.51955301398854,50.67961165048543
2014-10-15,37.37,37.46,35.44,36.75,11.6339413964621,20845,0.0,1.0,FLIC,25.445488953056064,82.66661136417738,50.122549019607845
2007-04-16,43.662,43.662,43.662,43.662,5.47134553429107,300,0.0,1.0,FLIC,22.03238503118507,93.74834595396699,100.74482758620688
2002-07-24,50.2,52.99,50.2,51.0,3.8873324624309,7900,0.0,1.0,FLIC,35.77972829688535,89.14481982624017,44.6808510638298
2020-03-11,15.31,15.53,14.7,15.04,14.0754543318112,49662,0.0,1.0,LMNR,13.322564744910146,58.6010644226363,30.89643167972149
2010-04-07,168.0,170.0,165.0,165.0,14.0980441953982,1200,0.0,1.0,LMNR,21.789064388054744,98.66800567014722,870.5882352941176
2008-11-14,160.0,160.0,160.0,160.0,13.6165619225548,100,0.0,1.0,LMNR,124.22166666666915,64.01270040365279,28.000000000000004
2019-05-02,3.73,3.79,3.69,3.75,3.75,120890,0.0,1.0,HBIO,2.6824262057142945,86.47220908839688,27.98634812286689
2013-11-01,5.77,5.99,5.47,5.55,4.30125,459600,0.0,1.0,HBIO,4.5135072232947255,79.95903237945218,25.565610859728505
2004-05-06,8.71,8.71,8.1,8.55,6.62625,133200,0.0,1.0,HBIO,4.769903386936928,85.86112538983001,81.91489361702129
2002-09-17,4.881,5.08,4.77,4.78,3.7045,78000,0.0,1.0,HBIO,2.7159099122326427,72.84374817666401,112.44444444444443
2002-07-29,6.44,6.73,6.44,6.44,4.991,82900,0.0,1.0,HBIO,5.225061580560872,75.63077826998838,25.04854368932039
2022-12-09,19.79,19.84,16.87,17.27,17.27,1139005,0.0,1.0,ACET,10.210305769377547,87.5967641526605,65.65947242206234
2020-09-21,17.77,18.89,12.92,13.48,13.48,674760,0.0,1.0,ACET,12.336423552721227,57.00904441775369,32.481572481572485
2020-09-18,16.69,21.4,16.0,21.4,21.4,378899,0.0,1.0,ACET,12.938091898607293,76.08424571407865,58.75370919881304
2019-11-14,8.3,8.338,7.791,7.95,55.6499999999999,234746,0.0,1.0,ACET,1.2724795586180755,95.26705948566331,629.3577981651376
2019-03-18,9.26,10.0,8.25,9.05,63.3499999999999,123363,0.0,1.0,ACET,6.853110843843395,71.38925027083948,29.656160458452717
2020-12-11,2.2,2.29,2.1,2.25,33.75,11109529,0.0,1.0,AADI,1.3016015312433968,84.58001410973397,87.5
2019-03-15,4.1,4.25,3.81,4.25,63.75,652785,0.0,1.0,AADI,1.2120424425150278,95.02941607890514,248.36065573770495
2020-06-08,9.57,11.32,9.5,11.27,11.27,2184178,0.0,1.0,CONN,9.32981189512597,62.84666023853994,26.77165354330708
2020-03-13,4.9,5.85,4.52,5.82,5.82,1624689,0.0,1.0,CONN,4.365133911822726,59.95893600010915,32.87671232876714
2020-03-11,6.67,6.67,5.61,5.77,5.77,1214186,0.0,1.0,CONN,4.563114199557806,57.234677014492,26.813186813186807
2019-12-09,19.42,20.62,19.4,20.5,20.5,992320,0.0,1.0,CONN,13.3788997423339,95.78968648407522,50.18315018315018
2016-06-01,10.82,11.85,10.82,11.71,11.71,878288,0.0,1.0,CONN,8.767492833630609,81.62708009542177,35.68945538818076
2016-03-28,15.96,16.28,15.505,15.65,15.65,530323,0.0,1.0,CONN,12.211318534202418,67.82194836228581,32.51481795088908
2014-12-08,34.88,36.0,34.8606,35.09,35.09,1161825,0.0,1.0,CONN,18.28409073679378,83.64730582562575,68.45895343254924
2014-08-29,44.66,45.51,44.11,44.83,44.83,886000,0.0,1.0,CONN,30.787888081238528,82.3627207481005,44.61290322580644
2014-02-19,56.26,58.34,55.74,55.8,55.8,1245200,0.0,1.0,CONN,34.93938165725521,80.37673834630945,74.97648165569142
2010-10-21,4.85,5.06,4.8,4.91,4.91,100100,0.0,1.0,CONN,4.0104498497687455,64.28157535128659,29.551451187335086
2009-10-19,12.64,12.71,11.98,12.04,12.04,177600,0.0,1.0,CONN,7.573845286985166,89.68216306899724,50.12468827930174
2020-03-17,13.6,14.47,12.17,14.07,12.2472790831631,180672,0.0,1.0,FFIC,11.992813270577676,61.38134598766485,30.519480519480524
2003-12-15,27.49,28.0,27.16,27.16,9.12553923551714,24600,0.0,1.0,FFIC,18.56912005452697,87.85956154113441,49.72436604189636
2001-08-30,23.81,24.05,23.1,23.34,4.97211386040098,18444,0.0,1.0,FFIC,15.09657252324716,80.01420320884664,46.33228840125392
2023-04-17,3.21,3.48,3.19,3.48,3.48,68137,0.0,1.0,UIHC,2.5441665589159763,48.5290010941719,93.33333333333333
2023-02-10,2.44,2.45,1.9,2.05,2.05,691807,0.0,1.0,UIHC,1.5926862403930877,50.12887347534672,86.36363636363633
2022-05-09,2.26,2.26,2.18,2.24,2.24,198388,0.0,1.0,UIHC,1.5949968308191846,67.51986684426636,61.15107913669067
2016-11-01,14.54,14.87,14.28,14.64,12.6551954075022,168392,0.0,1.0,UIHC,12.037771061273425,60.61503924505454,31.53638814016173
2010-11-09,4.15,4.15,4.15,4.15,3.33647522564101,1000,0.0,1.0,UIHC,3.109634146341009,82.28040072619444,60.23166023166024
2010-07-09,2.95,2.95,2.95,2.95,2.37171130497373,0,0.0,1.0,UIHC,2.2199999999962747,95.9945454282456,35.321100917431195
2008-09-29,7.91,7.91,7.91,7.91,6.05501580737765,0,0.0,1.0,UIHC,4.0388097233864,92.69114149897516,79.77272727272727
2022-12-05,7.39,8.13,7.32,7.86,7.86,485911,0.0,1.0,CAAS,6.533911970315274,60.56664979079135,39.36170212765959
2013-08-13,9.7,10.05,9.47,10.0,9.79661016949153,361000,0.0,1.0,CAAS,7.303390429519824,74.2676590910529,26.422250316055628
2012-05-08,4.93,5.53,4.93,5.38,5.27057627118644,150000,0.0,1.0,CAAS,4.319327661333238,78.46770505990531,25.407925407925404
2004-04-19,7.9,8.0,7.5,7.75,7.59237288135593,24200,0.0,1.0,CAAS,5.423483779971551,71.08465311230725,47.61904761904763
2018-11-09,41.7,41.71,38.61,40.19,40.19,2309093,0.0,1.0,BZUN,33.19321332571395,67.63795384503865,26.06649937264742
2017-08-21,35.15,35.15,32.65,34.6,34.6,5195749,0.0,1.0,BZUN,28.845617659570078,58.30134906957522,31.910026686999625
2015-07-06,9.99,10.0,9.54,9.55,9.55,553938,0.0,1.0,BZUN,8.109537179993097,64.04856306693446,28.619528619528634
2023-02-16,23.99,24.88,23.93,24.45,24.45,37965,0.0,1.0,UEIC,13.383862629991103,94.8565756436341,49.26739926739927
2018-05-03,47.3,47.4,45.45,45.45,45.45,74635,0.0,1.0,UEIC,30.17345783881426,82.60892833911305,56.589147286821714
2000-01-31,38.0,38.0,35.25,36.5,18.25,53700,0.0,1.0,UEIC,18.418288540500185,79.74955598491391,100.0
2023-03-16,5.0,5.14,4.945,5.11,5.11,128084,0.0,1.0,LFCR,2.7796315274505714,63.21814642600826,205.98802395209583
2009-01-06,7.19,7.86,7.16,7.35,7.35,150100,0.0,1.0,LFCR,5.766546824628349,70.35463752369591,25.64102564102564
2021-10-07,24.16,25.67,23.52,24.99,24.99,117416,0.0,1.0,NKTX,18.60830011644004,76.28736116937057,38.06629834254143
2007-01-05,34.41,34.41,34.41,34.41,5.76629483418485,0,0.0,1.0,WNEB,10.778894709398058,98.10505136041068,221.88961646398502
2022-09-29,15.1,15.215,13.37,14.03,14.03,1621795,0.0,1.0,FEAM,12.169312485878587,59.789323955052616,38.09055118110236
2022-05-09,25.0,25.32,23.38,23.59,23.59,92709,0.0,1.0,FEAM,22.80840645234503,54.62219514066233,25.212314225053078
2008-01-09,6.13,6.13,5.68,5.79,3.8960909581205,94600,0.0,1.0,RELL,4.845158121317734,72.74854363438206,25.59652928416485
2023-02-21,14.5,14.7,11.16,11.44,11.44,4191317,0.0,1.0,ATNM,10.54955276480767,63.285888442324925,31.04238258877432
2020-12-28,11.12,11.19,10.66,10.72,10.72,687806,0.0,1.0,ATNM,8.383946765979768,70.43324966342055,32.67326732673268
2020-08-05,0.5799,0.587,0.5101,0.5663,16.989,39352152,0.0,1.0,ATNM,0.8611134745206127,18.591600913775437,32.31308411214955
2020-04-21,0.245,0.25,0.22,0.236,7.08000000000001,2164400,0.0,1.0,ATNM,0.18057629629014496,49.70921801595381,34.857142857142854
2019-10-25,0.41,0.41,0.324,0.353,10.59,13689000,0.0,1.0,ATNM,0.2899090794505312,72.32750413189741,41.767068273092356
2019-04-17,0.499,0.5,0.453,0.453,13.59,1227100,0.0,1.0,ATNM,0.31106265531026667,82.04293574085933,46.12903225806453
2017-07-27,0.94,0.98,0.94,0.968,29.04,204300,0.0,1.0,ATNM,0.6816718998065592,84.08962354488243,44.47761194029849
2016-09-28,1.75,1.75,1.67,1.7,51.0,671896,0.0,1.0,ATNM,1.3178884002850901,81.92862982537741,27.819548872180434
2015-07-31,2.26,2.26,2.15,2.26,67.8000000000001,390964,0.0,1.0,ATNM,2.0958709331787766,55.898691990017305,34.52380952380951
2015-02-05,4.67,4.99,4.67,4.99,149.7,79720,0.0,1.0,ATNM,3.713510463166559,79.41810664079208,32.3607427055703
2013-04-19,5.6,5.65,5.6,5.65,169.5,1300,0.0,1.0,ATNM,5.004318488529015,75.03590865598851,25.555555555555554
2023-04-13,3.27,3.53,3.2601,3.5,3.5,670441,0.0,1.0,TAST,3.490953783973909,43.146084773488894,25.448028673835132
2020-03-17,1.51,1.71,1.41,1.42,1.28916853932584,1322780,0.0,1.0,TAST,1.56441348836655,37.52444298920234,32.710280373831765
2020-03-13,2.09,2.14,2.0,2.05,1.86112359550562,1119610,0.0,1.0,TAST,1.5838172377769464,50.475436308752904,33.1168831168831
2012-05-07,14.96,15.15,14.95,15.08,3.91160192616372,55900,0.0,1.0,TAST,5.278055969474767,86.44511876456302,239.6396396396396
2020-11-05,7.95,8.19,7.71,8.0,8.0,411709,0.0,1.0,MRAM,6.284093560200229,81.37540136111407,30.293159609120536
2020-08-06,8.48,8.76,8.37,8.55,8.55,247912,0.0,1.0,MRAM,5.894675134159753,76.60173609586055,34.645669291338606
2020-03-05,3.75,3.79,3.36,3.38,3.38,110393,0.0,1.0,MRAM,2.5436463327733243,62.63971433044081,34.12698412698412
2020-03-31,4.68,4.785,4.39,4.71,4.71,372566,0.0,1.0,NDLS,4.512552375843856,49.43707762801682,28.688524590163933
2018-10-23,12.45,13.0,12.31,12.67,12.67,479642,0.0,1.0,NDLS,9.850943740418742,81.42863324346865,32.948583420776515
2016-07-25,9.84,10.47,9.84,10.36,10.36,102784,0.0,1.0,NDLS,7.61680308634801,94.3381177294453,29.499999999999993
2015-02-19,26.63,27.93,26.05,27.74,27.74,1658524,0.0,1.0,NDLS,19.608465150003234,84.83932394827161,46.77248677248678
2020-03-30,0.33,0.95,0.3,0.55,5.5,3747793,0.0,1.0,JAKK,0.5246682251440555,50.948827075092105,57.14285714285716
2019-08-12,0.69,0.73,0.69,0.72,7.2,70407,0.0,1.0,JAKK,0.7638184458111903,47.37505043384974,35.849056603773576
2019-05-09,1.03,1.04,1.0,1.03,10.3,22583,0.0,1.0,JAKK,0.8391685464346266,60.599246838656434,27.16049382716048
2018-12-21,2.13,2.16,2.04,2.09,20.9,70087,0.0,1.0,JAKK,1.751040680999879,59.01362458990472,25.149700598802394
2016-12-16,7.1,7.15,6.95,7.05,70.5,253857,0.0,1.0,JAKK,5.089327575448479,78.28591904405994,48.421052631578945
2013-07-17,11.43,11.75,11.34,11.48,114.8,294600,0.0,1.0,JAKK,6.84190970971277,94.6972846853062,64.11722659042174
2011-12-16,17.56,17.79,17.25,17.35,166.856793784902,284500,0.0,1.0,JAKK,14.538232806461348,78.87533608913498,25.270758122743686
2004-10-19,25.2,25.55,18.25,18.81,178.748071977069,5024000,0.0,1.0,JAKK,15.259978983956968,60.20743938446779,45.138888888888864
2004-10-18,23.99,24.22,23.55,24.15,229.493138662744,446400,0.0,1.0,JAKK,15.31916078498717,73.53681370941652,28.389154704944186
2000-09-18,17.5,17.75,16.13,16.25,154.420848996671,460500,0.0,1.0,JAKK,11.931024536737931,87.04164268522095,32.65306122448979
1999-11-04,38.78,41.0,38.63,40.0,253.408572712485,153067,0.0,1.0,JAKK,26.38648664947927,80.48077569686663,67.50418760469013
2021-12-10,30.96,32.19,30.12,31.08,31.08,335556,0.0,1.0,ALXO,24.05958931529178,78.51456569680022,31.918505942275033
2021-11-08,51.85,55.17,51.01,52.12,52.12,198174,0.0,1.0,ALXO,40.53555462094667,77.59311719602889,27.339359882726598
2020-12-10,80.7,117.45,80.02,112.26,112.26,1041901,0.0,1.0,ALXO,90.18418514626525,70.35965370211606,39.626865671641795
2023-05-03,6.3,6.48,6.29,6.42,6.42,45415,0.0,1.0,IVAC,,,27.634194831013904
2018-04-30,6.4,6.65,6.3748,6.55,6.55,281358,0.0,1.0,IVAC,4.871945740755074,82.12362035460474,37.17277486910993
2008-11-28,4.52,4.99,4.24,4.94,4.94,102500,0.0,1.0,IVAC,4.632242406962382,54.52842594894258,25.699745547073793
2004-07-12,7.62,7.76,7.28,7.35,7.35,99500,0.0,1.0,IVAC,4.917501739312516,86.41428348841778,76.25899280575538
2002-07-24,3.616,3.99,3.02,3.969,3.969,6000,0.0,1.0,IVAC,3.90210892018779,50.95091976385473,27.62057877813504
2000-12-19,4.313,4.313,4.0,4.188,4.188,4700,0.0,1.0,IVAC,3.3898355697550566,55.03982984964956,28.86153846153845
2000-06-15,4.125,4.125,4.125,4.125,4.125,100,0.0,1.0,IVAC,3.4965923000987145,54.814201878955124,34.6718903036239
2000-02-04,7.719,8.5,7.375,8.0,8.0,107500,0.0,1.0,IVAC,6.923298034934496,68.23047374999359,25.49019607843137
2020-11-06,6.33,6.7155,5.98,6.0,6.0,67702,0.0,0.25,OCUP,5.19744327162749,52.343139653763195,59.5744680851064
2019-08-06,4.95,5.0,4.87,4.93,19.72,6341,0.0,1.0,OCUP,2.865475505742816,86.17022776727522,89.61538461538461
2019-04-10,0.6,0.6,0.57,0.58,27.84,535358,0.0,1.0,OCUP,5.830253686220619,17.054090115759493,26.08695652173911
2019-01-22,1.15,1.15,0.95,1.01,48.48,1065028,0.0,1.0,OCUP,0.6248513772216238,74.64040171031152,62.90322580645162
2018-10-16,1.66,1.81,1.66,1.67,80.16,192569,0.0,1.0,OCUP,1.1707050069444354,82.32853003492856,41.52542372881356
2017-10-12,3.12,3.12,2.82,2.84,136.32,657655,0.0,1.0,OCUP,2.0450209182190524,78.51604271480471,30.87557603686635
2017-04-12,0.5999,0.62,0.56,0.616,295.68,7321191,0.0,1.0,OCUP,0.45294469467681225,30.47266322064513,35.38461538461537
2014-01-13,1.46,1.85,1.41,1.6,768.0,79402500,0.0,1.0,OCUP,1.234891461908637,72.21766983749488,37.93103448275863
2012-11-28,0.46,0.5,0.4527,0.472,226.56,531500,0.0,1.0,OCUP,0.32638594755536793,79.82192880326286,47.04049844236759
2012-07-09,0.7395,0.81,0.655,0.75,360.0,2065700,0.0,1.0,OCUP,0.5902763321003833,71.31751515643312,44.927536231884076
2011-11-03,1.03,1.06,1.01,1.02,489.6,128800,0.0,1.0,OCUP,0.6125760483744771,85.98055447715656,50.1103752759382
2011-03-25,1.37,1.47,1.37,1.41,676.8,854700,0.0,1.0,OCUP,1.1888990405249087,67.50753273018991,31.77570093457942
2010-04-12,3.1,3.68,3.0,3.65,1752.0,9249700,0.0,1.0,OCUP,2.4912913274702544,69.55475095045026,107.38636363636363
2009-03-19,0.75,0.78,0.7,0.7,336.0,67600,0.0,1.0,OCUP,0.6752094522018279,49.20935497753374,29.629629629629605
2009-03-04,0.52,0.73,0.52,0.69,331.2,41900,0.0,1.0,OCUP,0.6134472098505909,52.10619990471293,46.808510638297875
2008-11-19,1.03,1.03,0.88,0.91,436.8,13200,0.0,1.0,OCUP,0.8699935253970063,51.67225827915272,30.000000000000004
2008-11-04,1.1,1.3,0.98,1.3,624.0,24500,0.0,1.0,OCUP,0.9544314207649035,63.87972351297062,36.8421052631579
2008-10-14,1.21,1.27,1.07,1.14,547.2,39642,0.0,1.0,OCUP,0.9813612358263498,54.925923707187266,37.34939759036144
2008-10-08,1.05,1.3,1.0,1.22,585.6,70800,0.0,1.0,OCUP,1.0467321899344488,55.35043704118398,34.06593406593406
2008-09-08,1.0,1.0,0.83,0.9,432.0,78400,0.0,1.0,OCUP,0.9908333085353925,48.31262080630377,38.46153846153846
2008-07-30,1.99,1.99,1.78,1.8,864.0,77700,0.0,1.0,OCUP,1.4906991039084283,75.03725929011506,27.65957446808511
2008-07-03,2.5,2.5,2.0,2.14,1027.2,73300,0.0,1.0,OCUP,1.4096721471340286,64.68780253006568,91.07142857142856
2008-06-19,3.74,3.79,3.65,3.77,1809.6,12300,0.0,1.0,OCUP,2.996013825016294,66.71168316044536,25.66666666666666
2008-06-06,4.48,4.48,3.4,3.9,1872.0,19900,0.0,1.0,OCUP,3.3606905055485274,63.37457056005557,37.323943661971825
2007-11-16,1.6,1.6,1.6,1.6,768.0,0,0.0,1.0,OCUP,1.3939571150063699,49.68782405747749,33.33333333333335
2007-11-06,1.62,1.62,1.62,1.62,777.6,0,0.0,1.0,OCUP,1.3067265469044587,50.66421412101291,40.86956521739133
2007-10-17,1.45,1.45,1.45,1.45,696.0,0,0.0,1.0,OCUP,1.2697171717165885,49.47480680332565,26.086956521739136
2007-09-24,1.45,1.45,1.45,1.45,696.0,0,0.0,1.0,OCUP,1.3430439814794766,53.09825914926178,26.086956521739136
2006-12-07,1.75,1.75,1.75,1.75,840.0,0,0.0,1.0,OCUP,1.1644380952347957,71.3004968889075,39.99999999999999
2006-11-27,2.0,2.0,2.0,2.0,960.0,0,0.0,1.0,OCUP,1.3584516128995008,67.51720598896569,42.85714285714286
2006-11-20,1.8,1.8,1.8,1.8,864.0,0,0.0,1.0,OCUP,1.592533333327559,55.940397217798726,28.57142857142858
2006-10-17,2.75,3.05,2.5,3.05,1464.0,23900,0.0,1.0,OCUP,2.5046220772149366,72.22747108595613,27.083333333333325
2006-10-04,2.75,3.05,2.65,3.05,1464.0,29300,0.0,1.0,OCUP,2.65782218091644,65.75003335463171,35.55555555555554
2006-09-27,3.0,3.0,3.0,3.0,1440.0,0,0.0,1.0,OCUP,2.6708047553718646,60.156855973945376,33.33333333333333
2006-09-22,5.0,5.0,5.0,5.0,2400.0,0,0.0,1.0,OCUP,2.692898745518937,77.94449916183396,66.66666666666667
2006-08-23,3.75,3.75,3.75,3.75,1800.0,0,0.0,1.0,OCUP,3.2283950617070087,45.95911044071556,36.36363636363635
2006-06-26,2.0,2.0,2.0,2.0,960.0,0,0.0,1.0,OCUP,1.637499999855645,46.85370040250891,73.91304347826089
2006-05-23,2.0,2.0,2.0,2.0,960.0,0,0.0,1.0,OCUP,1.4803921568457623,60.15746449849417,33.33333333333333
2006-04-24,2.0,2.0,2.0,2.0,960.0,1600,0.0,1.0,OCUP,1.7208661417277369,61.514679308675554,66.66666666666667
2006-03-20,2.2,2.2,2.2,2.2,1056.0,1500,0.0,1.0,OCUP,1.5490986394548003,75.05758911500759,29.41176470588236
2005-11-30,1.5,2.5,1.5,2.5,1200.0,1600,0.0,1.0,OCUP,2.039379084961659,90.4147586114998,25.0
2005-11-28,2.25,2.25,2.25,2.25,1080.0,0,0.0,1.0,OCUP,1.9479797979762978,57.32551867808604,25.0
2005-08-25,4.55,4.6,4.55,4.6,2208.0,1000,0.0,1.0,OCUP,3.368733850124722,99.25541126076128,27.777777777777768
2005-07-13,3.25,3.25,3.25,3.25,1560.0,0,0.0,1.0,OCUP,3.833333333307084,47.22179657277652,30.000000000000004
2022-08-09,5.63,5.94,5.36,5.61,5.61,133097,0.0,1.0,OLMA,4.3018830173043,71.6955661021761,36.496350364963504
2021-11-29,21.47,25.7,19.83,21.8875,21.8875,2874871,0.0,1.0,OLMA,11.239287416909276,84.03797789493353,150.14285714285714
2020-03-11,2.69,2.72,2.42,2.5,2.38625915075848,138757,0.0,1.0,III,2.1771957613862285,54.00525107639672,54.32098765432099
2020-03-13,5.18,5.4143,4.6251,5.12,5.12,419405,0.0,1.0,VRA,4.141085444035894,59.59784263807721,28.967254408060448
2021-03-03,15.77,18.15,12.6,13.47,13.47,59212045,0.0,1.0,ZVRA,12.369142751362014,65.39205378851074,39.87538940809969
2021-01-07,9.02,10.1,8.15,8.25,8.25,139316,0.0,1.0,ZVRA,6.453393830826714,57.61751297501344,47.321428571428584
2020-12-23,1.14,1.14,0.97,0.997075,15.9532,404286,0.0,1.0,ZVRA,4.565776906768662,32.87270896395745,38.4826388888889
2020-05-19,0.268,0.305,0.24,0.265,4.24,26620424,0.0,1.0,ZVRA,0.22463516151153107,62.18603531535225,28.640776699029136
2020-05-12,0.268,0.29,0.26,0.29,4.64,5125053,0.0,1.0,ZVRA,0.229098722955101,63.21851963390762,28.888888888888875
2020-01-10,0.7,0.79,0.68,0.745,11.92,3911336,0.0,1.0,ZVRA,0.4957736008796411,85.98300643605127,30.93145869947278
2018-10-04,4.26,4.418,4.139,4.18,66.88,54343,0.0,1.0,ZVRA,2.635005277467252,84.11599768577668,57.14285714285712
2016-06-13,6.75,6.7511,6.1,6.29,100.64,212371,0.0,1.0,ZVRA,4.566772986364755,76.21138854948269,32.70042194092826
2016-05-05,15.67,15.67,15.67,15.67,250.72,43754,0.0,1.0,ZVRA,7.168228652527736,87.46591592091079,126.77279305354557
2016-02-05,14.75,15.0,14.32,14.35,229.6,59993,0.0,1.0,ZVRA,14.333085082554202,49.407846037151046,25.0
2022-11-08,7.22,7.24,6.89,6.94,6.94,315485,0.0,1.0,AGS,5.473707847768814,70.10482485443391,27.10622710622712
2022-09-07,7.29,7.72,7.2601,7.61,7.61,102252,0.0,1.0,AGS,5.989026999839572,67.41097212578737,25.370675453047788
2020-03-31,2.77,2.97,2.61,2.65,2.65,332888,0.0,1.0,AGS,2.5116875112888337,48.120442630571475,51.42857142857142
2020-03-17,2.83,2.91,1.72,1.79,1.79,986823,0.0,1.0,AGS,1.8953524400447581,43.19513028627044,70.47619047619047
2020-03-16,3.5,3.56,2.82,2.83,2.83,665503,0.0,1.0,AGS,1.9938255845042727,53.08917103762052,58.10055865921788
2020-03-13,4.14,4.33,3.63,4.03,4.03,488077,0.0,1.0,AGS,2.1034417466553412,61.4357041832749,42.402826855123685
2020-03-11,5.6,5.64,5.04,5.14,5.14,649795,0.0,1.0,AGS,2.3576845674674844,66.90418357436452,33.160621761658035
2019-08-07,17.97,18.08,17.29,17.3,17.3,220382,0.0,1.0,AGS,9.375386371719943,75.90572337820883,108.18291215403129
2021-11-12,18.81,19.37,18.81,19.13,19.13,171457,0.0,1.0,URGN,13.292073192124045,87.63735142238707,29.78290366350067
2020-03-13,19.5,19.96,16.655,18.79,18.79,241223,0.0,1.0,URGN,16.259450807806303,51.20195519903437,28.522571819425437
2020-03-11,27.13,27.52,23.73,23.86,23.86,321345,0.0,1.0,URGN,17.194060364384672,63.596819972577585,29.042725797728508
2022-10-19,31.36,31.9635,29.99,30.82,30.6336886817472,34787,0.0,1.0,INBK,24.871720556647595,69.68807506308875,25.437525437525444
2013-06-21,29.19,30.2,29.19,30.2,18.2528250973981,23467,0.0,1.0,INBK,22.98868658612027,71.0776705222939,52.52525252525251
2010-09-27,12.5,12.5,12.5,12.5,7.44232914330761,0,0.0,1.0,INBK,11.174122920437894,57.1221869985542,31.578947368421062
2010-05-04,10.05,10.05,9.5,9.5,5.65617014891379,1867,0.0,1.0,INBK,9.336078566417958,50.24232113015437,31.034482758620683
2009-11-27,6.5,6.5,6.5,6.5,3.87001115451996,600,0.0,1.0,INBK,5.273020808031738,69.97788720176263,29.740518962075857
2023-05-02,13.95,14.99,12.2515,13.28,13.28,1496366,0.0,1.0,CXAI,,,28.932038834951435
2023-04-25,8.64,13.6599,8.05,12.5,12.5,53624334,0.0,1.0,CXAI,,,34.8435814455232
2023-04-21,10.5,10.95,8.0,8.07,8.07,1392151,0.0,1.0,CXAI,,,28.298887122416527
2023-04-20,11.2,12.45,10.42,10.77,10.77,3975954,0.0,1.0,CXAI,11.558861955331526,52.66531633750294,33.45724907063197
2023-03-17,3.59,3.7,2.575,2.68,2.68,401482,0.0,1.0,CXAI,2.0042175198925873,42.41745565472742,37.43589743589744
2023-03-16,4.25,5.51,3.77,4.07,4.07,1362486,0.0,1.0,CXAI,2.28799750763454,50.14802255984408,51.86567164179105
2023-03-14,9.1,10.98,9.0,9.94,9.94,82359,0.0,1.0,CXAI,2.502687567748906,69.91951423865876,142.4390243902439
2023-03-14,9.51,9.51,8.84,9.26,9.26,261209,0.0,1.0,APEI,4.784462022667486,79.79799686237462,103.0701754385965
2022-08-09,15.79,15.79,15.42,15.66,15.66,28442,0.0,1.0,APEI,11.924287426502191,81.33978246720653,25.581395348837212
2022-05-10,18.31,18.335,17.4901,17.77,17.77,47775,0.0,1.0,APEI,14.015633037419333,75.14096527665434,29.236363636363638
2019-08-06,32.15,33.77,32.15,33.63,33.63,85297,0.0,1.0,APEI,26.97560477023041,81.35924059926032,30.247869868319132
2018-08-08,43.3,43.85,42.9,43.45,43.45,76956,0.0,1.0,APEI,35.464965955891756,82.1918639887882,27.139722019019775
2016-11-07,19.95,20.85,19.7,20.1,20.1,200138,0.0,1.0,APEI,20.890256553406868,42.83948142118347,35.35353535353536
2016-08-09,29.91,30.0,28.665,28.8,28.8,162836,0.0,1.0,APEI,23.288768198829572,87.6815635766132,25.435540069686404
2015-05-11,27.89,28.3,27.65,27.75,27.75,140900,0.0,1.0,APEI,23.65450200461513,70.32707669242143,25.50881953867028
2014-02-27,45.04,46.44,44.15,46.25,46.25,96800,0.0,1.0,APEI,36.39667001889208,80.60053962791903,30.57594579333709
2010-08-05,44.41,44.48,42.16,42.67,42.67,967400,0.0,1.0,APEI,29.025586851765137,88.50360608069639,47.34116022099448
2019-07-31,16.22,16.97,16.09,16.6,15.2606965774225,272419,0.0,1.0,GHL,14.327234596430163,62.84430907959103,28.08641975308641
2021-12-08,10.94,10.97,10.1,10.61,10.61,428952,0.0,1.0,XAIR,9.258191037911741,64.15848587498269,25.710900473933652
2021-12-03,14.24,14.27,12.83,13.52,13.52,439152,0.0,1.0,XAIR,9.869553386554061,74.9715541670744,30.50193050193051
2020-03-11,5.95,6.1744,4.8,5.32,5.32,1145141,0.0,1.0,XAIR,6.285833882760132,40.717415766742306,35.0253807106599
2020-03-05,10.89,12.0,7.26,9.31,9.31,3282184,0.0,1.0,XAIR,6.903608900330765,62.80310667558243,25.64102564102564
2018-03-13,3.65,3.65,3.5,3.6,3.6,5007,0.0,1.0,XAIR,2.999763973461583,69.00446911153448,28.11387900355873
2021-12-13,13.76,14.79,13.48,13.9,13.9,213742,0.0,1.0,GBIO,6.910287511877735,79.9256559400333,132.0534223706177
2020-12-08,48.23,50.0,45.06,48.85,48.85,104151,0.0,1.0,GBIO,34.95295353674551,76.55094969755987,25.031993857179422
2022-06-09,12.61,12.69,12.16,12.32,11.9894986529415,128867,0.0,1.0,CMTL,9.580114641975989,71.57076981583815,27.141382868937058
2020-03-17,17.48,17.49,16.31,16.62,15.4276265506313,351168,0.0,1.0,CMTL,13.957776337393591,56.32255317413361,29.641185647425907
2010-07-21,31.3,31.3,31.3,31.3,20.7005178208068,7811900,0.0,1.0,CMTL,26.312916917091663,81.24984534424996,49.118627918056234
2009-03-10,35.45,35.45,35.45,35.45,23.445155167655,6501000,0.0,1.0,CMTL,26.758220725651217,75.30796201641196,67.61229314420807
2005-04-04,51.51,51.77,49.28,51.5,22.7066496445131,734667,0.0,1.0,CMTL,34.30168776569413,81.30169778667704,49.14567043150883
2003-07-14,34.62,34.75,31.65,32.17,9.50323991791978,608267,0.0,1.0,CMTL,20.459637412772825,83.75888914679612,55.56092843326888
2015-09-23,0.35,0.42,0.29,0.3303,0.3303,128033,0.0,1.0,LINC,0.6023558688758759,27.34489212613336,27.038461538461522
2015-08-28,0.639,0.64,0.5,0.5748,0.5748,207195,0.0,1.0,LINC,0.4386796802278477,53.230982857535686,32.717617178480715
2015-08-26,0.99,0.99,0.8901,0.8901,0.8901,95198,0.0,1.0,LINC,0.4799322818124386,70.24913782228603,43.541364296081284
2011-08-02,17.39,17.76,17.22,17.28,14.3241836616923,217600,0.0,1.0,LINC,11.537062009568242,87.93479698892345,30.316742081447966
2010-08-04,20.74,20.91,20.31,20.62,16.2823212507684,186900,0.0,1.0,LINC,13.412220203054344,85.422270569762,26.50306748466258
2005-07-29,19.79,20.45,18.81,19.85,15.6743005251092,46800,0.0,1.0,LINC,15.59018049674426,82.78896243301264,32.157123834886825
2020-03-11,5.58,5.63,5.3,5.45,5.45,104740,0.0,1.0,MG,4.053466736604569,65.94206075536172,27.634660421545675
2022-08-09,23.75,24.01,21.8,22.25,22.25,491723,0.0,1.0,OPRX,16.39531598941437,74.68490392050303,42.903018625561984
2013-09-18,1.4,1.4,1.38,1.38,1.38,3000,0.0,1.0,OPRX,1.0824906073888545,64.83164557519758,25.45454545454544
2012-05-23,1.37,1.43,1.37,1.43,1.43,3000,0.0,1.0,OPRX,1.1756150061500656,63.02711149908125,27.67857142857142
2012-04-03,0.95,1.07,0.95,1.07,1.07,69600,0.0,1.0,OPRX,0.9703181974544215,50.92383955108718,27.380952380952394
2011-12-16,0.8,1.0,0.8,1.0,1.0,5600,0.0,1.0,OPRX,0.8625371287128741,56.81160450941061,44.927536231884076
2011-12-14,1.0,1.0,1.0,1.0,1.0,5000,0.0,1.0,OPRX,0.8905384087791519,55.39232686168107,25.0
2011-12-07,1.5,2.35,1.01,1.7,1.7,0,0.0,1.0,OPRX,0.8993967758710384,74.50253882875431,68.31683168316832
2011-04-25,0.85,1.02,0.85,1.02,1.02,6100,0.0,1.0,OPRX,0.9360101010101058,51.13269906878062,27.499999999999993
2011-04-08,0.95,0.95,0.95,0.95,0.95,0,0.0,1.0,OPRX,0.848520900321547,52.96010372457507,46.153846153846146
2011-03-17,1.03,1.03,1.03,1.03,1.03,0,0.0,1.0,OPRX,0.7957723577235841,64.20709128589445,37.33333333333333
2010-12-27,1.09,1.09,1.09,1.09,1.09,0,0.0,1.0,OPRX,1.0155393349553987,53.33529551052371,36.25000000000001
2010-11-09,1.5,2.35,1.01,1.7,1.7,800,0.0,1.0,OPRX,1.0507607607607676,76.18139201333557,68.31683168316832
2010-10-25,1.5,2.35,1.01,1.7,1.7,4300,0.0,1.0,OPRX,1.1635275080906191,64.84267289509228,70.0
2010-10-11,1.49,1.49,1.49,1.49,1.49,500,0.0,1.0,OPRX,1.2159384808537395,58.092111813248,44.66019417475729
2010-09-30,1.46,1.46,1.2,1.46,1.46,3400,0.0,1.0,OPRX,1.1528507596067958,58.2157250015727,46.0
2010-09-01,1.3,1.3,1.3,1.3,1.3,0,0.0,1.0,OPRX,1.2684448818897682,53.73272175750811,28.712871287128717
2010-08-24,1.0,1.0,1.0,1.0,1.0,0,0.0,1.0,OPRX,1.1775014392631016,47.63643650097628,33.33333333333333
2010-08-06,1.25,1.4,1.25,1.4,1.4,1000,0.0,1.0,OPRX,1.147765404602826,57.57952608050193,39.99999999999999
2010-07-14,1.7,2.02,1.7,2.02,2.02,700,0.0,1.0,OPRX,1.4107566462167733,72.08696127673815,55.38461538461539
2010-05-05,2.14,2.14,2.14,2.14,2.14,0,0.0,1.0,OPRX,1.8717129629629647,59.75804551490187,42.66666666666667
2010-04-26,1.5,1.89,1.5,1.89,1.89,1200,0.0,1.0,OPRX,1.8757329842931967,51.947316470048456,25.16556291390728
2010-04-08,1.9,1.9,1.9,1.9,1.9,0,0.0,1.0,OPRX,1.8021783625731012,54.3236096927551,40.74074074074072
2010-03-23,1.7,1.7,1.7,1.7,1.7,3100,0.0,1.0,OPRX,1.5039719626168326,50.383497743114646,70.0
2010-03-18,2.0,2.0,2.0,2.0,2.0,0,0.0,1.0,OPRX,1.460806451612912,55.8849247177878,48.14814814814814
2010-02-24,2.35,2.35,1.6,2.33,2.33,21500,0.0,1.0,OPRX,1.9950847457627165,60.419884863690136,33.14285714285714
2010-02-10,2.34,2.34,2.34,2.34,2.34,0,0.0,1.0,OPRX,2.062599277978347,56.95630205380466,55.999999999999986
2010-02-04,2.33,2.33,2.33,2.33,2.33,0,0.0,1.0,OPRX,2.091630591630601,54.11817518017287,130.69306930693068
2010-01-20,2.35,2.5,2.35,2.5,2.5,2000,0.0,1.0,OPRX,2.177777777777838,57.98820546767641,38.12154696132597
2009-11-30,2.7,2.7,2.7,2.7,2.7,0,0.0,1.0,OPRX,2.163492063492098,72.37098616505119,25.581395348837233
2009-11-16,3.49,3.49,3.49,3.49,3.49,0,0.0,1.0,OPRX,2.1321875000000343,77.17187618154287,70.24390243902441
2009-11-02,3.0,3.75,2.25,3.65,3.65,3500,0.0,1.0,OPRX,2.7294252873563467,64.01726880687528,82.5
2009-10-09,3.75,3.75,3.75,3.75,3.75,200,0.0,1.0,OPRX,1.667500000000091,71.76039572724001,150.0
2009-09-23,0.46,0.46,0.35,0.35,0.35,12500,0.0,1.0,OPRX,0.417035281727226,37.48299819314219,74.99999999999997
2009-09-22,0.46,0.49,0.46,0.49,0.49,3600,0.0,1.0,OPRX,0.41652691511387274,39.782536055910406,40.000000000000014
2009-09-15,0.95,0.95,0.95,0.95,0.95,0,0.0,1.0,OPRX,0.3885555555555566,48.553611466830894,69.64285714285711
2009-08-27,2.5,2.5,2.5,2.5,2.5,200,0.0,1.0,OPRX,0.8870529327610965,76.36891123577544,147.5247524752475
2009-08-21,2.5,2.5,2.5,2.5,2.5,0,0.0,1.0,OPRX,1.320020449897764,62.55597385144675,127.27272727272725
2009-08-18,3.35,3.35,3.35,3.35,3.35,0,0.0,1.0,OPRX,1.5638237076648958,63.89574141615935,139.26862366973788
2009-07-16,3.0,3.0,3.0,3.0,3.0,0,0.0,1.0,OPRX,2.799500000000027,50.70094233518831,71.42857142857142
2009-06-29,3.75,3.75,3.75,3.75,3.75,0,0.0,1.0,OPRX,2.6851111111112567,61.16372365243732,87.5
2009-06-17,3.5,3.5,3.5,3.5,3.5,0,0.0,1.0,OPRX,2.618055555555738,53.94253202904992,75.0
2009-06-04,4.25,4.25,4.25,4.25,4.25,0,0.0,1.0,OPRX,2.0833333333333615,56.937584114555456,286.3636363636363
2008-03-27,0.005,0.006,0.004,0.006,0.006,200,0.0,1.0,OPRX,0.004190476190777623,1.5455378698949005,50.0
2008-03-14,0.007,0.007,0.006,0.006,0.006,100,0.0,1.0,OPRX,0.004937777777918446,1.910241132465572,33.33333333333335
2008-02-25,0.007,0.007,0.006,0.006,0.006,100,0.0,1.0,OPRX,0.005666666666842503,3.599395563842691,50.0
2008-02-12,0.006,0.006,0.006,0.006,0.006,100,0.0,1.0,OPRX,0.005454545454737276,5.866545416231105,50.0
2007-12-27,0.0075,0.0085,0.007,0.007,0.007,100,0.0,1.0,OPRX,0.006031250000131878,25.84947689684958,39.99999999999999
2007-12-19,0.014,0.014,0.009,0.014,0.014,500,0.0,1.0,OPRX,0.008091666666772168,52.36815322454493,64.70588235294117
2007-12-17,0.013,0.013,0.013,0.013,0.013,100,0.0,1.0,OPRX,0.009108974359055515,50.104473827350986,29.999999999999982
2007-11-28,0.01,0.01,0.004,0.004,0.004,1600,0.0,1.0,OPRX,0.010502824858792826,34.95751105864137,33.33333333333333
2007-11-27,0.01,0.01,0.01,0.01,0.01,1400,0.0,1.0,OPRX,0.010370370370399676,48.628897350062275,150.0
2007-11-23,0.025,0.029,0.02,0.029,0.029,100,0.0,1.0,OPRX,0.011151898734203925,70.91338323932558,141.66666666666666
2007-11-19,0.03,0.03,0.02,0.022,0.022,500,0.0,1.0,OPRX,0.012160784313750313,57.8707081653642,100.0
2007-11-14,0.035,0.038,0.025,0.036,0.036,200,0.0,1.0,OPRX,0.0135056179775518,66.99268383285757,33.33333333333333
2007-10-24,0.05,0.051,0.04,0.05,0.05,100,0.0,1.0,OPRX,0.04450065927365669,61.89010275943047,25.0
2007-09-24,0.12,0.12,0.105,0.105,0.105,30550,0.0,1.0,OPRX,0.07387522597558702,73.7309659903521,49.99999999999998
2007-09-06,0.09,0.13,0.08,0.13,0.13,62891,0.0,1.0,OPRX,0.09051499028657438,71.22074746371062,30.000000000000004
2007-08-30,0.12,0.13,0.1,0.11,0.11,100,0.0,1.0,OPRX,0.08542629865105644,56.88808855299021,37.5
2007-08-10,0.28,0.3,0.24,0.25,0.25,100,0.0,1.0,OPRX,0.16527408649899739,69.655735878727,25.0
2007-08-02,0.34,0.34,0.29,0.33,0.33,89242,0.0,1.0,OPRX,0.2231835955439092,72.31255843121491,37.50000000000002
2007-07-27,0.4,0.45,0.38,0.38,0.38,100,0.0,1.0,OPRX,0.28392610217622505,69.98164834821324,35.7142857142857
2007-05-01,0.45,0.45,0.45,0.45,0.45,0,0.0,1.0,OPRX,,51.56616264085744,25.0
2006-12-28,0.6,0.6,0.44,0.59,0.59,0,0.0,1.0,OPRX,,59.46214922473732,31.11111111111111
2006-12-15,2.2,2.2,2.2,2.2,2.2,0,0.0,1.0,OPRX,0.7222222222229254,90.36522186588456,300.0
2006-06-07,2.15,2.15,2.15,2.15,2.15,0,0.0,1.0,OPRX,1.9533333333354432,51.21580041671685,26.470588235294112
2006-03-06,3.5,3.5,3.1,3.35,3.35,300,0.0,1.0,OPRX,3.0162500000002637,69.89671353340529,34.00000000000001
2006-01-23,0.95,1.05,0.82,0.95,0.95,0,0.0,1.0,OPRX,0.675833333333861,40.38271408077009,89.99999999999999
2005-11-09,2.75,2.75,2.35,2.75,2.75,200,0.0,1.0,OPRX,2.154545454545646,66.24547425677628,44.736842105263165
2005-11-07,4.05,4.25,3.4,4.05,4.05,1200,0.0,1.0,OPRX,3.0529914529915074,78.47984327459017,47.272727272727266
2005-08-16,0.7,0.7,0.7,0.7,0.7,0,0.0,1.0,OPRX,,37.3961718425005,39.99999999999999
2005-05-18,1.0,1.0,1.0,1.0,1.0,0,0.0,1.0,OPRX,,56.1413484596417,96.078431372549
2001-05-17,2.0,2.0,2.0,2.0,2.0,0,0.0,1.0,OPRX,,76.04267578609551,100.0
2000-05-16,25.0,25.0,25.0,25.0,25.0,0,0.0,1.0,OPRX,,98.17173564176089,1150.0
2021-11-03,9.35,9.7795,9.25,9.58,9.38574276300667,1355296,0.0,1.0,IMMR,7.054852148003944,82.9054144578264,31.955922865013786
2018-08-02,13.81,14.32,13.76,14.23,13.9414529767834,423816,0.0,1.0,IMMR,11.171408537903233,75.10265004087866,32.00371057513915
2014-07-31,13.64,14.1,13.38,13.65,13.3732138533446,289300,0.0,1.0,IMMR,11.009435998088726,81.36893308599488,30.000000000000004
2009-06-30,4.77,5.09,4.77,4.94,4.83982977549613,169700,0.0,1.0,IMMR,3.8683297848193208,72.82124455327578,30.00000000000003
2009-03-02,3.81,3.91,3.65,3.69,3.61517649222282,330900,0.0,1.0,IMMR,2.876051486546638,61.3343903011001,32.73381294964028
2002-08-21,1.65,1.94,1.59,1.94,1.90066189564018,48000,0.0,1.0,IMMR,1.98008412964877,49.44057495144472,25.161290322580633
2002-07-18,1.91,1.91,1.35,1.82,1.78309518044594,93500,0.0,1.0,IMMR,1.4523694357367003,55.79207937938499,25.517241379310352
2002-06-06,1.83,1.88,1.6,1.66,1.62633956018696,61300,0.0,1.0,IMMR,1.2732834361583305,59.80176753416009,27.692307692307683
2002-02-11,4.21,4.6,4.21,4.5,4.40875181978393,71300,0.0,1.0,IMMR,2.904331592141178,74.79065310024117,25.698324022346377
2002-02-01,4.9,4.9,4.75,4.8,4.70266860776952,8700,0.0,1.0,IMMR,3.3051772731483378,69.59847123549858,25.654450261780106
2001-04-02,5.75,5.75,5.313,5.438,5.32773164355222,67300,0.0,1.0,IMMR,5.228261247800261,52.08575355618092,33.84198867831651
2000-10-17,12.75,12.88,11.5,11.88,11.6391048042296,87900,0.0,1.0,IMMR,9.200459840146754,60.27560432436647,25.05263157894737
2000-08-01,20.5,21.75,17.94,17.94,17.5762239215386,136500,0.0,1.0,IMMR,16.346509799128068,55.76346511883133,31.044558071585104
2000-04-13,44.25,44.25,38.38,38.75,37.9642517814727,44900,0.0,1.0,IMMR,32.88270203855606,61.879289350649216,27.04918032786885
2000-03-31,64.0,65.88,57.0,60.0,58.783357597119,61400,0.0,1.0,IMMR,41.09509942753842,66.83095798534083,62.425554953979436
2020-03-13,0.36,0.38,0.3,0.31,6.2,1173012,0.0,1.0,ACHV,0.30015175135259714,47.071198025727654,34.78260869565217
2019-12-16,0.8,0.92,0.74,0.77,15.4,1619162,0.0,1.0,ACHV,0.6706764164722021,72.1012419930241,57.14285714285714
2019-06-10,3.67,3.9499,3.67,3.88,77.6,108315,0.0,1.0,ACHV,2.761321612896968,88.70997063394633,33.793103448275865
2018-06-14,6.49,6.58,5.09,5.2,104.0,257821,0.0,1.0,ACHV,4.827344999354694,67.83118825269669,42.46575342465755
2018-06-13,7.22,7.68,6.77,6.95,139.0,68314,0.0,1.0,ACHV,4.834771223554564,77.34315574597603,33.653846153846146
2016-08-15,0.85,0.9351,0.85,0.8986,1976.92,164157,0.0,1.0,ACHV,0.5459529869179126,81.02334995056222,69.70727101038716
2015-12-01,2.62,2.7,2.59,2.62,5764.0,379826,0.0,1.0,ACHV,1.4014834371857419,93.25007630548262,60.73619631901843
2014-04-25,10.4,10.4,9.5,9.7,21340.0,352100,0.0,1.0,ACHV,4.252381680094168,92.77007518482736,151.94805194805193
2012-03-15,16.58,17.48,16.34,17.43,38346.0,264600,0.0,1.0,ACHV,13.817662199636112,83.02432331894686,26.212889210716874
2009-12-18,30.03,30.63,29.51,29.65,65230.0,45200,0.0,1.0,ACHV,21.865086655280205,79.77691705695257,40.32181732134406
2009-02-13,3.93,4.2099,3.77,3.95,8690.0,23400,0.0,1.0,ACHV,3.5281842537225936,49.31332585188084,36.20689655172416
2008-12-26,4.11,4.22,4.11,4.1601,9152.22,7300,0.0,1.0,ACHV,3.703177061965812,48.04577202640596,30.410658307210035
2008-12-08,7.52,9.38,7.52,8.159,17949.8,515400,0.0,1.0,ACHV,6.666035751518917,71.08014079454583,34.41515650741351
2007-09-24,4.35,4.35,4.35,4.35,9570.0,37326600,0.0,1.0,ACHV,2.8228042955331354,97.88759822853908,530.4347826086956
2001-03-21,1.27,1.38,1.13,1.31,2882.0,7200,0.0,1.0,ACHV,1.0614712643678161,46.27026339039703,31.000000000000007
2000-12-15,0.59,0.63,0.56,0.63,1386.0,43200,0.0,1.0,ACHV,0.5618859138533178,42.19444578750728,26.0
2000-10-12,3.63,3.63,3.38,3.38,7436.0,32400,0.0,1.0,ACHV,0.9161792833275723,90.61711616367835,271.4285714285714
2000-05-24,3.03,3.44,2.69,3.13,6886.0,43200,0.0,1.0,ACHV,3.0243824027072757,47.98147707766633,25.2
2000-04-13,3.63,4.0,3.59,3.63,7986.0,64800,0.0,1.0,ACHV,3.5057763975155276,51.302236171878214,38.02281368821292
2000-03-13,7.03,7.38,6.5,6.63,14586.0,383400,0.0,1.0,ACHV,5.240569245463228,75.28227456718665,27.74566473988438
2020-03-17,13.99,15.0,13.5,14.38,14.38,267141,0.0,1.0,CTRN,9.948776866731917,68.19568667019247,49.4802494802495
2008-11-13,10.43,11.89,9.48,11.61,10.8368369059122,181900,0.0,1.0,CTRN,10.136817395526691,52.67838249736802,25.92190889370931
2007-08-08,35.78,38.35,35.78,38.08,35.5440783270575,581200,0.0,1.0,CTRN,26.804263869900204,87.45168212640425,43.31953330824236
2022-11-01,9.67,9.85,9.19,9.53,9.53,297275,0.0,1.0,CPS,7.9114853575344855,65.52186745171673,35.94864479315263
2022-06-14,4.9,5.32,4.815,5.05,5.05,381412,0.0,1.0,CPS,4.650632753728208,50.17214347261331,36.11859838274931
2022-04-28,5.97,6.18,5.73,5.95,5.95,729914,0.0,1.0,CPS,5.464084508825501,55.216223919333935,29.067245119305852
2021-11-03,26.77,28.06,26.33,27.7,27.7,114896,0.0,1.0,CPS,23.807919150888644,64.02974684899779,25.56663644605621
2020-03-17,13.41,13.54,11.68,11.81,11.81,454266,0.0,1.0,CPS,9.972534983656306,55.71085004034296,44.73039215686274
2018-11-01,92.65,95.57,92.65,95.46,95.46,266657,0.0,1.0,CPS,75.84475879446212,79.28056759061589,31.741650565829428
2020-07-10,5.39,5.68,5.32,5.68,5.68,373800,0.0,1.0,BWEN,5.008813238672051,63.90282537556089,26.785714285714256
2011-09-28,0.4177,0.42,0.3725,0.3752,3.752,1235016,0.0,1.0,BWEN,0.3504018041399069,48.40619570526785,25.695142378559453
2011-08-05,1.3,1.311,0.85,0.95,9.5,2526157,0.0,1.0,BWEN,0.8398416478834869,69.94304924820436,25.0
2011-08-04,1.38,1.4,1.33,1.34,13.4,768832,0.0,1.0,BWEN,0.8719618353798722,81.77447880152381,41.052631578947384
2010-03-11,5.4,5.71,5.3,5.68,56.8,915785,0.0,1.0,BWEN,4.568977593604236,77.86472557291651,27.069351230425063
2009-03-02,4.35,4.36,3.35,3.92,39.2,117975,0.0,1.0,BWEN,3.3831436544928475,48.31014021693213,30.666666666666664
2008-10-03,9.3,9.3,8.41,8.41,84.1,97232,0.0,1.0,BWEN,9.198558872726927,51.53088138600811,42.66327396098391
2006-06-16,2.0,2.15,2.0,2.15,21.5,23820,0.0,1.0,BWEN,1.6725542584071695,70.45522807004805,26.470588235294112
2006-05-12,1.9,2.0,1.6,2.0,20.0,22423,0.0,1.0,BWEN,1.522742282923567,64.78215831722125,25.0
2005-09-08,3.0,3.0,3.0,3.0,30.0,0,0.0,1.0,BWEN,1.0253846153846153,84.73037136954956,197.02970297029702
2005-06-22,1.25,1.25,1.25,1.25,0.833375000000001,0,0.0,1.0,BWEN,1.0,79.11946987398933,25.0
2023-05-05,6.8,6.9,4.8,4.85,4.85,274661,0.0,1.0,TRNR,,,37.005649717514125
2023-05-04,6.3657,6.8835,6.03,6.8,6.8,187338,0.0,1.0,TRNR,,,40.20618556701032
2020-03-17,2.79,3.16,2.571,3.14,2.67883715873862,171173,0.0,1.0,EPM,2.6356463490599813,58.47854930383789,45.370370370370374
2008-11-19,1.31,1.44,1.27,1.4,0.888036977858224,101600,0.0,1.0,EPM,1.1991652512998268,56.988187283439586,33.33333333333333
2008-10-23,1.75,2.1,1.75,1.8,1.14176182867486,68500,0.0,1.0,EPM,1.5249770999221697,62.27284286695798,25.874125874125873
2008-10-06,2.51,2.55,2.26,2.55,1.61749592395605,72500,0.0,1.0,EPM,1.942251824863569,66.34391622074227,26.237623762376238
2005-01-03,2.0,2.0,2.0,2.0,1.26862425408318,0,0.0,1.0,EPM,2.030387011265739,51.25963740519941,25.0
2004-06-22,4.3,4.4,4.2,4.25,2.69582653992675,9500,0.0,1.0,EPM,2.973321502514049,70.68482225499636,26.86567164179103
2004-02-05,1.25,1.25,1.25,1.25,0.792890158801986,40000,0.0,0.025,EPM,1.3070816599732262,46.64755242599123,66.66666666666667
2004-01-21,0.025,0.05,0.025,0.05,1.26862425408318,48000,0.0,1.0,EPM,0.1889369268201385,26.103776254101163,66.66666666666667
2003-12-10,0.02,0.03,0.02,0.03,0.761174552449906,40000,0.0,1.0,EPM,0.021550387596899225,29.460557533071025,50.0
2003-11-10,0.04,0.04,0.04,0.04,1.01489940326654,0,0.0,1.0,EPM,0.03,43.78894865385205,33.33333333333335
2003-10-02,0.03,0.03,0.03,0.03,0.761174552449906,60000,0.0,1.0,EPM,0.024155251141552512,62.31727017485561,50.0
2003-09-25,0.04,0.04,0.04,0.04,1.01489940326654,0,0.0,1.0,EPM,0.025102880658436216,77.81992930831309,33.33333333333335
2003-08-26,0.04,0.04,0.04,0.04,1.01489940326654,8000,0.0,1.0,EPM,0.03691056910569106,57.30544448495215,33.33333333333335
2003-08-19,0.06,0.06,0.06,0.06,1.52234910489981,20000,0.0,1.0,EPM,0.041944444444444444,70.64218194319332,100.0
2003-07-09,0.05,0.05,0.05,0.05,1.26862425408318,0,0.0,1.0,EPM,0.059444444444444446,43.2778343923984,25.0
2003-06-02,0.04,0.04,0.04,0.04,1.01489940326654,0,0.0,1.0,EPM,0.03166666666666667,60.55993183541086,33.33333333333335
2003-05-06,0.04,0.04,0.04,0.04,1.01489940326654,8000,0.0,1.0,EPM,0.030217391304347824,70.11460160692822,33.33333333333335
2003-03-31,0.03,0.03,0.02,0.03,0.761174552449906,116000,0.0,1.0,EPM,0.02280193236714976,70.63744551648327,50.0
2003-03-28,0.04,0.04,0.03,0.04,1.01489940326654,48000,0.0,1.0,EPM,0.02491666666666667,81.98937883025025,33.33333333333335
2003-02-27,0.02,0.02,0.02,0.02,0.507449701633271,0,0.0,1.0,EPM,0.01576888888888889,53.129306919520225,100.0
2002-11-25,0.03,0.03,0.03,0.03,0.761174552449906,0,0.0,1.0,EPM,0.02,98.83176486982369,50.0
2002-11-14,0.03,0.03,0.03,0.03,0.761174552449906,0,0.0,1.0,EPM,0.024285714285714285,66.49757956228693,50.0
2002-10-24,0.03,0.03,0.03,0.03,0.761174552449906,0,0.0,1.0,EPM,0.025824915824915827,67.29484767811935,50.0
2002-09-27,0.04,0.04,0.04,0.04,1.01489940326654,0,0.0,1.0,EPM,0.03,88.32348281468505,33.33333333333335
2002-09-23,0.05,0.05,0.05,0.05,1.26862425408318,0,0.0,1.0,EPM,0.03166666666666667,93.73858149638535,25.0
2002-09-05,0.05,0.05,0.05,0.05,1.26862425408318,0,0.0,1.0,EPM,0.0374,73.72756106239243,66.66666666666667
2002-08-20,0.03,0.03,0.03,0.03,0.761174552449906,0,0.0,1.0,EPM,0.025777777777777778,48.029317742619966,50.0
2002-07-22,0.04,0.04,0.04,0.04,1.01489940326654,20000,0.0,1.0,EPM,0.03398148148148149,74.15462755180887,33.33333333333335
2002-07-15,0.05,0.05,0.05,0.05,1.26862425408318,32000,0.0,1.0,EPM,0.03787878787878788,85.04456663098378,25.0
2002-07-10,0.06,0.06,0.06,0.06,1.52234910489981,0,0.0,1.0,EPM,0.03895833333333334,74.88485794445359,50.0
2002-07-01,0.05,0.05,0.05,0.05,1.26862425408318,8000,0.0,1.0,EPM,0.045,58.24415448799707,25.0
2002-06-24,0.06,0.08,0.06,0.08,2.02979880653308,20000,0.0,1.0,EPM,0.058105263157894736,70.93761383606129,33.33333333333335
2002-06-20,0.1,0.1,0.1,0.1,2.53724850816635,48000,0.0,1.0,EPM,0.0678186274509804,72.84492492426374,42.85714285714286
2002-06-18,0.18,0.19,0.13,0.13,3.29842306061626,252000,0.0,1.0,EPM,0.0959071729957806,75.65838235695074,44.444444444444464
2002-06-17,0.19,0.2,0.18,0.19,4.82077216551607,32000,0.0,1.0,EPM,0.09913934426229508,83.13858483379445,46.153846153846146
2002-06-06,0.25,0.25,0.25,0.25,6.34312127041589,12000,0.0,1.0,EPM,0.1526354453627181,76.94698148277192,31.578947368421062
2002-06-03,0.27,0.27,0.27,0.27,6.85057097204916,12000,0.0,1.0,EPM,0.17744774477447744,68.79095579911245,50.00000000000002
2002-05-14,0.45,0.5,0.4,0.4,10.1489940326654,32000,0.0,1.0,EPM,0.3237024221453287,62.59552161329401,33.33333333333335
2002-05-03,0.12,0.13,0.1,0.1,2.53724850816635,28000,0.0,1.0,EPM,0.2750043630017452,39.308424570060644,25.0
2002-04-26,0.2,0.2,0.2,0.2,5.07449701633271,8000,0.0,1.0,EPM,0.19815406976744185,49.39066911740677,42.85714285714286
2002-04-25,0.2,0.28,0.2,0.28,7.10429582286579,36000,0.0,1.0,EPM,0.19022658610271903,55.9049981493015,40.000000000000014
2002-04-19,0.36,0.4,0.35,0.4,10.1489940326654,76000,0.0,1.0,EPM,0.1602031063321386,64.11158105351257,48.14814814814814
2002-04-12,1.1,1.5,0.9,1.4,35.521479114329,16000,0.0,1.0,EPM,0.3584591194968554,88.86079782138877,133.33333333333334
2002-04-09,1.28,1.3,0.75,0.8,20.2979880653308,20000,0.0,1.0,EPM,0.5089324618736384,57.72175385534555,100.0
2002-04-08,1.75,1.75,1.27,1.27,32.2230560537127,8000,0.0,1.0,EPM,0.5250108932461874,65.00267844393849,58.74999999999999
2002-04-05,1.75,1.75,1.55,1.6,40.5959761306617,4000,0.0,1.0,EPM,0.5495172413793104,69.0348871454693,25.984251968503933
2002-04-03,3.02,4.95,2.0,2.5,63.4312127041589,20000,0.0,1.0,EPM,0.6862527233115469,77.01728615407843,58.22784810126582
2002-04-02,3.75,3.75,3.75,3.75,95.1468190562383,0,0.0,1.0,EPM,0.7169483568075117,83.52460435750793,50.0
2002-03-27,7.15,7.15,7.0,7.0,177.607395571645,0,0.0,1.0,EPM,1.120879120879121,91.41660612816494,86.66666666666667
2002-02-06,0.06,0.07,0.06,0.07,177.607395571645,0,0.0,1.0,EPM,,18.104583969019885,40.000000000000014
2002-01-25,0.05,0.05,0.05,0.05,126.862425408318,0,0.0,1.0,EPM,,18.20096795545173,25.0
2002-01-15,0.05,0.1,0.045,0.1,253.724850816635,0,0.0,1.0,EPM,,19.62136300726705,66.66666666666667
2002-01-09,0.05,0.05,0.05,0.05,126.862425408318,0,0.0,1.0,EPM,,19.68070905756757,25.0
2001-11-29,0.06,0.06,0.06,0.06,152.234910489981,0,0.0,1.0,EPM,,26.67913618935289,100.0
2001-10-24,0.05,0.05,0.05,0.05,126.862425408318,0,0.0,1.0,EPM,,33.40449732936641,25.0
2001-05-21,0.09,0.09,0.09,0.09,228.352365734972,0,0.0,1.0,EPM,,63.99588267494184,28.57142857142856
2001-04-02,0.09,0.09,0.09,0.09,228.352365734972,0,0.0,1.0,EPM,,54.40713708248008,28.57142857142856
2001-02-28,0.13,0.13,0.13,0.13,329.842306061626,0,0.0,1.0,EPM,,69.55629056202946,30.000000000000004
2001-02-15,0.19,0.19,0.19,0.19,482.077216551607,0,0.0,1.0,EPM,,73.35463208201833,46.153846153846146
2001-01-25,0.21,0.28,0.21,0.24,608.939641959925,0,0.0,1.0,EPM,,76.54925193602693,26.315789473684205
2000-12-22,0.07,0.09,0.07,0.09,228.352365734972,0,0.0,1.0,EPM,,45.6680348862913,50.0
2000-12-20,0.07,0.09,0.07,0.09,228.352365734972,0,0.0,1.0,EPM,,47.00324750640134,28.57142857142856
2000-12-14,0.08,0.08,0.08,0.08,202.979880653308,0,0.0,1.0,EPM,,46.45087379642146,33.33333333333335
2000-12-04,0.09,0.1,0.08,0.1,253.724850816635,0,0.0,1.0,EPM,,55.52069095013084,25.0
2000-10-19,0.19,0.19,0.19,0.19,482.077216551607,0,0.0,1.0,EPM,,65.7858087730176,46.153846153846146
2000-10-16,0.19,0.25,0.19,0.25,634.312127041589,0,0.0,1.0,EPM,,76.2082491786213,25.0
2000-10-12,0.31,0.31,0.31,0.31,786.54703753157,0,0.0,1.0,EPM,,76.27235699533975,40.90909090909092
2000-09-21,0.56,0.63,0.41,0.53,1344.74170932817,0,0.0,1.0,EPM,,81.23187653903867,29.268292682926834
2000-09-13,0.343,0.75,0.343,0.75,1902.93638112477,400000,0.0,1.0,EPM,0.5938333333333333,70.85936376121508,41.50943396226414
2000-09-06,0.26,0.31,0.22,0.25,634.312127041589,0,0.0,1.0,EPM,0.4685,43.87228160364237,31.578947368421062
2000-08-25,0.13,0.13,0.13,0.13,329.842306061626,0,0.0,1.0,EPM,0.4685,39.78742581147943,30.000000000000004
2000-08-18,0.12,0.13,0.12,0.13,329.842306061626,0,0.0,1.0,EPM,,40.943196562872366,30.000000000000004
2000-08-14,0.1,0.13,0.1,0.13,329.842306061626,0,0.0,1.0,EPM,,42.49535361181309,30.000000000000004
2000-08-01,0.17,0.17,0.17,0.17,431.33224638828,0,0.0,1.0,EPM,,49.712133404015276,30.76923076923077
2000-06-26,0.13,0.13,0.13,0.13,329.842306061626,0,0.0,1.0,EPM,,51.32271049767308,44.444444444444464
2000-06-16,0.16,0.16,0.16,0.16,405.959761306617,0,0.0,1.0,EPM,,59.16049445967683,77.77777777777779
2000-05-26,0.13,0.13,0.13,0.13,329.842306061626,0,0.0,1.0,EPM,,51.372802898293315,44.444444444444464
2000-05-23,0.19,0.19,0.19,0.19,482.077216551607,0,0.0,1.0,EPM,,63.87899427418753,46.153846153846146
2000-04-26,0.19,0.23,0.19,0.23,583.567156878262,0,0.0,1.0,EPM,,70.21045578813754,43.75
2000-04-24,0.22,0.22,0.22,0.22,558.194671796598,0,0.0,1.0,EPM,,61.24958699324934,29.411764705882337
2000-03-27,0.22,0.24,0.22,0.24,608.939641959925,0,0.0,1.0,EPM,,49.98793854162708,26.315789473684205
2000-03-14,0.437,0.437,0.375,0.375,951.468190562383,0,0.0,1.0,EPM,,67.17305355514068,56.25
2000-03-10,0.43,0.43,0.43,0.43,1091.01685851153,0,0.0,1.0,EPM,,63.53107831926101,86.95652173913042
2000-02-07,0.22,0.22,0.22,0.22,558.194671796598,0,0.0,1.0,EPM,,53.21534159930994,69.23076923076923
2000-01-24,0.19,0.19,0.19,0.19,482.077216551607,0,0.0,1.0,EPM,,49.68201326936521,46.153846153846146
2000-01-06,0.25,0.31,0.1,0.31,786.54703753157,400000,0.0,1.0,EPM,0.225,68.08561199640627,63.1578947368421
1999-12-27,0.09,0.11,0.09,0.09,228.352365734972,0,0.0,1.0,EPM,0.225,42.30626569807388,28.57142857142856
1999-12-08,0.09,0.09,0.09,0.09,228.352365734972,0,0.0,1.0,EPM,,45.64055097438047,28.57142857142856
1999-11-29,0.11,0.11,0.11,0.11,279.097335898299,0,0.0,1.0,EPM,,52.295186514174624,57.14285714285714
1999-11-17,0.08,0.09,0.08,0.09,228.352365734972,0,0.0,1.0,EPM,,47.26081362408607,28.57142857142856
1999-11-11,0.12,0.12,0.11,0.12,304.469820979963,0,0.0,1.0,EPM,,56.80895634634221,33.33333333333333
2021-02-16,2.37,2.45,2.06,2.26,19.0880733602847,70409082,0.0,1.0,SHIP,1.5791753859632838,79.228026068198,29.885057471264354
2020-08-17,1.23,1.25,1.12,1.17,9.88187868651905,3193712,0.0,1.0,SHIP,0.5293261585741532,90.80633899716925,114.24647500457787
2020-06-25,0.29,0.3,0.25,0.28,37.8383047141926,228938627,0.0,1.0,SHIP,0.3740916092406262,28.436176448194743,64.70588235294119
2020-04-08,0.18,0.19,0.17,0.18,24.3246244591238,23581722,0.0,1.0,SHIP,0.15279800680059893,52.0737893502696,28.57142857142856
2020-03-30,0.36,0.44,0.27,0.33,44.595144841727,14866329,0.0,1.0,SHIP,0.15409292330253357,75.00655012400125,120.00000000000001
2020-03-20,0.19,0.2,0.17,0.18,24.3246244591238,318565,0.0,1.0,SHIP,0.1717710836503591,50.76745805593939,38.46153846153846
2019-11-04,0.77,0.9,0.77,0.83,112.163546117071,3590861,0.0,1.0,SHIP,0.6395477419587761,81.79807030764857,33.87096774193547
2019-05-08,3.52,3.88,3.35,3.65,493.249329310011,64261,0.0,1.0,SHIP,1.523938183933007,94.98931943116291,97.29729729729728
2017-04-04,0.96,1.21,0.92,1.1,2229.75724208635,82711,0.0,1.0,SHIP,0.9132184998403463,73.1505806688194,27.892105569119874
2016-12-07,2.4,2.4,2.2,2.2,4459.5144841727,386583,0.0,1.0,SHIP,1.2684470115272655,79.61028973140243,83.33333333333334
2016-11-17,8.05,8.25,3.75,3.9,7905.50294921523,5436840,0.0,1.0,SHIP,3.4592113458143094,85.47088096514643,32.203389830508456
2016-11-16,5.7,8.65,5.7,7.2,14594.7746754743,12439272,0.0,1.0,SHIP,4.964650438008093,93.76275611844322,84.61538461538463
2016-02-08,3.405,3.405,2.87,3.0391,6160.41384947693,1488,0.0,1.0,SHIP,2.6948750339949736,56.346799069008405,25.95739389920424
2016-02-03,3.9,4.63,3.9,4.32,8756.86480528457,6507,0.0,1.0,SHIP,3.1710202273815282,73.47568350944786,25.217391304347835
2016-01-28,5.45,5.64,4.38,5.54,11229.8682919622,31946,0.0,1.0,SHIP,4.244105461763007,72.69044908527681,42.05128205128206
2015-07-20,1.38,1.39,1.1801,1.23,12466.3700353009,81943,0.0,1.0,SHIP,1.0263937026760332,73.17700371436254,30.85106382978724
2014-12-08,1.16,1.2392,1.16,1.1684,11842.0380075168,11090,0.0,1.0,SHIP,0.9760277755190918,64.72864033218553,41.62424242424245
2011-08-05,3.73,3.99,3.65,3.756,38068.0372785287,9600,0.0,1.0,SHIP,3.434206214201593,53.02368018960356,25.2
2010-01-28,2.1,2.1,1.77,1.8,273652.025165143,114000,0.0,1.0,SHIP,1.2059973073817272,79.31604733087536,50.0
2009-03-13,3.57,4.15,3.5601,4.15,630919.946908523,901,0.0,1.0,SHIP,3.8714238297642583,56.20108216866914,26.911314984709488
2022-05-27,5.09,5.57,4.85,5.38,5.38,1234142,0.0,1.0,PDSB,4.102992615393867,69.6170587833528,37.24489795918367
2021-06-14,12.2,13.22,11.4,12.86,12.86,2076851,0.0,1.0,PDSB,10.662938044110879,60.91509200658494,39.78260869565218
2021-06-04,11.36,13.4799,11.3,12.78,12.78,1943726,0.0,1.0,PDSB,10.683297978301963,56.68233674967121,35.95744680851063
2020-08-10,3.94,4.06,3.73,3.92,3.92,1543965,0.0,1.0,PDSB,2.9751885321150215,81.33107236829747,30.666666666666664
2020-06-29,1.8867,3.15,1.88,2.6,2.6,36794321,0.0,1.0,PDSB,2.3964277066474002,50.181169995251246,29.35323383084578
2020-02-11,2.04,2.05,1.72,1.78,1.78,192385,0.0,1.0,PDSB,1.3438887722126365,83.44178714193228,34.84848484848484
2019-09-25,5.06,5.3,4.28,4.45,4.45,46550,0.0,1.0,PDSB,4.087036075098771,65.91037288641468,29.628011302397383
2018-11-26,0.84,0.8498,0.6504,0.6745,13.49,4931343,0.0,1.0,PDSB,0.6250424744376634,64.36619754330457,27.77041106270126
2018-03-27,17.03,17.14,15.55,15.59,311.8,199787,0.0,1.0,PDSB,1.3305956739029179,97.95392892518893,1090.0763358778627
2019-05-09,6.66,6.779,6.57,6.67,6.67,17473,0.0,1.0,INTT,5.342278545694342,87.29119059766029,25.14071294559099
2010-11-03,3.31,3.38,3.3,3.33,3.22344426222951,238000,0.0,1.0,INTT,2.622862312302202,76.81068065612843,27.586206896551737
2009-04-30,0.1905,0.23,0.1905,0.229,0.221672293108276,3200,0.0,1.0,INTT,0.1942526899611758,59.112329462211406,34.70588235294117
2009-03-31,0.27,0.3,0.12,0.22,0.212960281588736,27600,0.0,1.0,INTT,0.1491110257266956,63.484611891812285,52.24913494809689
2009-03-18,0.14,0.19,0.14,0.19,0.183920243190272,5200,0.0,1.0,INTT,0.17136785863655365,56.42490705871987,35.7142857142857
2009-02-27,0.22,0.22,0.22,0.22,0.212960281588736,258400,0.0,1.0,INTT,0.20735653614457825,60.515085807856885,29.411764705882337
2009-02-13,0.3,0.3,0.3,0.3,0.290400383984641,2000,0.0,1.0,INTT,0.2175238029782359,69.0752195621256,66.66666666666667
2009-02-09,0.23,0.23,0.23,0.23,0.222640294388224,0,0.0,1.0,INTT,0.22570749112043909,53.85886141074108,27.77777777777779
2009-02-04,0.29,0.29,0.29,0.29,0.280720371185153,0,0.0,1.0,INTT,0.2521982645122677,60.67131799503868,31.519274376417215
2009-01-23,0.33,0.33,0.33,0.33,0.319440422383105,0,0.0,1.0,INTT,0.2576126693766933,61.96061872300356,43.47826086956521
2008-12-26,0.28,0.28,0.28,0.28,0.271040358385665,300,0.0,1.0,INTT,0.29171948517432367,51.73759912688975,33.33333333333335
2008-12-18,0.23,0.24,0.19,0.24,0.232320307187712,300,0.0,1.0,INTT,0.2342348501263992,48.294602946893164,41.17647058823528
2008-11-28,0.35,0.35,0.35,0.35,0.338800447982081,100,0.0,1.0,INTT,0.18472341445151627,65.97091716377983,39.99999999999999
2008-11-21,0.16,0.34,0.11,0.275,0.266200351985921,3900,0.0,1.0,INTT,0.21338974358974364,53.67291786792784,60.81871345029239
2008-11-18,0.6,0.6,0.35,0.3725,0.360580476780929,1800,0.0,1.0,INTT,0.22357865669683852,61.37388750570158,49.0
2008-11-14,0.55,0.55,0.55,0.55,0.532400703971841,0,0.0,1.0,INTT,0.2257679562657696,71.32427563886617,37.5
2008-11-06,0.624,0.624,0.6,0.6,0.580800767969281,2100,0.0,1.0,INTT,0.3122433679354095,65.35800483969793,39.53488372093024
2008-10-31,0.6,0.78,0.6,0.78,0.755040998360066,26700,0.0,1.0,INTT,0.5526110546378654,71.52491205963638,30.02167027837974
2008-10-20,0.77,0.77,0.77,0.77,0.745360985560578,0,0.0,1.0,INTT,0.6486113117632307,61.493078915835206,28.333333333333343
2006-11-01,5.2,5.47,5.1001,5.25,5.08200671973121,119200,0.0,1.0,INTT,3.83215917271018,66.46884462421568,42.27642276422765
2004-10-18,7.48,8.0,7.4,7.76,7.5116899324027,54100,0.0,1.0,INTT,4.623310134130603,90.32348348469615,85.20286396181382
2000-03-01,25.22,25.63,24.88,25.5,24.6840326386945,34000,0.0,1.0,INTT,20.263718995484627,66.37060345833811,29.11392405063291
2018-11-27,83.46,84.5,82.02,82.29,36.2666212803954,8904,0.0,1.0,BMRC,41.09568589621706,94.05511204621095,92.26635514018695
2004-05-24,45.65,45.65,45.49,45.49,10.4132152640549,667,0.0,1.0,BMRC,31.972058354755784,83.91040895691732,50.33046926635822
2020-03-11,6.17,6.2,5.61,5.67,5.67,43029,0.0,1.0,MEC,5.42706199965912,50.04834362802532,41.39650872817955
2019-10-29,12.46,12.46,11.5,11.76,11.76,91589,0.0,1.0,MEC,9.302263012240802,64.82012125264272,49.42820838627699
2005-10-27,18.7,18.75,18.65,18.75,9.01075684751636,14300,0.0,1.0,BCBP,16.950811078140454,73.53544917808887,25.0
2004-11-23,23.0,23.0,23.0,23.0,11.0531950662867,0,0.0,1.0,BCBP,18.98857923497268,69.20859609164918,25.0
2022-06-09,5.81,6.71,5.15,6.43,6.43,109119,0.0,1.0,IMRX,4.739982186301602,58.904142903720704,29.898989898989893
2022-11-03,9.34,9.52,9.04,9.41,9.41,249806,0.0,1.0,UFI,7.69948528086903,61.9729790702701,31.977559607293138
2020-03-19,12.34,12.4142,10.49,11.57,11.57,109434,0.0,1.0,UFI,9.720364293196342,56.00159286328587,44.987468671679196
2020-03-13,14.84,15.46,14.18,15.45,15.45,122997,0.0,1.0,UFI,10.602312757969191,65.31475020463965,31.043256997455472
2020-01-28,26.73,27.85,26.73,27.31,27.31,120783,0.0,1.0,UFI,22.296990544843016,72.88710241991782,33.024841695080354
2009-04-29,1.01,1.15,0.99,1.15,3.45,296700,0.0,1.0,UFI,1.42813137391525,40.53174633867407,27.777777777777768
2008-12-18,4.22,4.27,3.86,3.95,11.85,288900,0.0,1.0,UFI,2.7722583248052777,81.06693063201882,43.11594202898552
2006-12-07,2.48,2.49,2.35,2.42,7.26000000000001,84300,0.0,1.0,UFI,2.123399020823709,53.960495024703114,40.697674418604656
2004-04-13,4.2,4.2,4.01,4.17,12.51,151200,0.0,1.0,UFI,2.7914472858132213,77.49161859327181,54.44444444444443
2001-01-09,9.313,9.375,9.188,9.313,27.939,45000,0.0,1.0,UFI,6.949099956497009,73.53966512588617,25.174731182795696
2008-03-05,10.81,10.86,10.62,10.84,3.69798458445994,324100,0.0,1.0,SPOK,7.619160295466843,86.27878636539351,26.193247962747378
2021-11-12,44.12,47.65,40.06,44.12,37.7764238360147,6249574,0.0,1.0,BGFV,31.917822503273193,87.90097860460644,25.09214629997163
2020-04-01,1.05,1.07,0.97,0.98,0.76930178124767,266099,0.0,1.0,BGFV,0.8789444260994059,45.874477342078485,36.111111111111114
2020-03-17,1.3,1.42,1.2,1.25,0.981252271999579,808087,0.0,1.0,BGFV,0.9990889140040069,56.51178538631961,28.865979381443307
2020-02-25,3.3,3.35,2.93,2.94,2.25773348844425,562575,0.0,1.0,BGFV,2.1691141726793193,81.6021644919669,26.18025751072961
2016-05-03,12.4,12.57,11.93,12.125,7.20825337189854,204467,0.0,1.0,BGFV,9.329823167104802,76.95792669944288,27.63157894736843
2015-07-28,14.7,15.19,14.12,14.89,8.59599978098185,592870,0.0,1.0,BGFV,11.538817083603712,79.1657687910095,41.67459562321598
2008-11-04,6.27,6.27,5.52,5.62,2.65810886104505,164100,0.0,1.0,BGFV,4.021565173579253,69.39814790363403,27.727272727272712
2008-02-28,12.35,12.35,11.57,11.85,5.49186126736141,149800,0.0,1.0,BGFV,8.837382990078265,76.26721070255209,27.695341544628715
2020-03-11,8.36,8.785,7.68,7.96,7.96,82143,0.0,1.0,TZOO,4.219956473932738,75.29289855782329,39.40455341506131
2018-10-23,11.4,12.01,11.02,11.65,11.65,72853,0.0,1.0,TZOO,8.415521795142736,69.08692228053042,45.62500000000001
2018-07-24,20.15,20.55,18.5,18.65,18.65,245089,0.0,1.0,TZOO,13.879610136169958,81.26011542480491,46.85039370078741
2011-07-20,90.35,90.35,85.0,85.71,85.71,1740200,0.0,1.0,TZOO,58.49430306656383,81.70079498343702,53.048105424806245
2008-10-27,6.62,6.7,6.34,6.48,6.48,171900,0.0,1.0,TZOO,4.909175439071741,64.32204056955653,46.93877551020409
2008-02-05,16.37,16.51,15.54,15.85,15.85,290900,0.0,1.0,TZOO,11.475177278112842,77.34842887768362,46.89527340129751
2007-04-24,37.55,37.55,36.33,36.88,36.88,654100,0.0,1.0,TZOO,28.71360875070017,85.85943482615212,30.966374170362833
2005-01-21,74.01,76.49,73.07,73.38,73.38,731000,0.0,1.0,TZOO,59.031296121653575,66.98898920949193,32.62244713536959
2004-09-27,72.92,74.19,71.0,71.04,71.04,1475000,0.0,1.0,TZOO,59.60576171947959,56.10109145706271,25.901639344262307
2003-11-12,5.0,6.5,5.0,6.5,6.5,900,0.0,1.0,TZOO,5.357252985884908,53.854588241062466,28.712871287128717
2003-10-31,4.75,8.0,4.75,8.0,8.0,1600,0.0,1.0,TZOO,5.439976689976691,66.51796771564506,55.33980582524271
2003-10-21,8.0,9.0,8.0,8.0,8.0,600,0.0,1.0,TZOO,5.909493670886076,62.82203194194059,37.93103448275863
2003-09-24,10.25,10.25,10.25,10.25,10.25,0,0.0,1.0,TZOO,4.975925925925926,78.83899434587059,107.07070707070704
2003-07-28,6.0,6.0,6.0,6.0,6.0,0,0.0,1.0,TZOO,6.063963963963964,41.78301421890459,33.33333333333333
2003-05-16,5.0,5.0,5.0,5.0,5.0,100,0.0,1.0,TZOO,4.84375,73.04285020498126,25.0
2002-11-15,4.0,4.0,4.0,4.0,4.0,0,0.0,1.0,TZOO,3.5595238095238098,56.50868350912499,33.33333333333333
2002-10-28,6.5,6.5,6.5,6.5,6.5,0,0.0,1.0,TZOO,3.066666666666667,89.80479695399703,62.5
2002-10-10,6.5,6.5,6.5,6.5,6.5,0,0.0,1.0,TZOO,4.1911764705882355,64.83841623911542,44.44444444444444
2020-03-13,13.81,14.19,12.32,14.11,12.2478551312348,1913617,0.0,1.0,BIG,13.00719594156571,45.738304151080925,32.61278195488722
2020-03-11,16.96,17.42,16.32,16.71,14.5047242553462,1350434,0.0,1.0,BIG,13.153772998748531,52.63811624088131,27.752293577981657
2020-02-27,22.22,22.74,20.65,22.44,19.478516594253,3289318,0.0,1.0,BIG,16.313382480188043,63.40222836378901,41.93548387096775
2018-12-06,41.81,42.71,40.26,40.3,33.1808065712471,2719861,0.0,1.0,BIG,30.82707384005471,82.71464748954824,29.999999999999982
2012-08-22,38.55,39.23,38.29,38.84,29.3284899628745,1245300,0.0,1.0,BIG,30.98141269687704,84.74284717128486,26.26788036410923
2012-04-23,45.43,45.73,45.16,45.71,34.5160987693871,1197300,0.0,1.0,BIG,36.33315118956455,74.07954077955016,31.69115528666091
2008-11-05,24.41,24.85,23.19,23.3,17.594073535916,2546000,0.0,1.0,BIG,16.91641601579843,70.7041901376797,34.604274985557495
2001-02-28,14.54,15.75,14.54,15.51,11.7006196660919,2195700,0.0,1.0,BIG,12.66733702433521,81.10592050025654,29.25
2022-08-11,6.455,6.65,6.455,6.59,6.59,107695,0.0,1.0,INOD,4.358252745137452,92.95883908278002,33.13131313131312
2020-08-25,2.41,2.4677,2.22,2.27,2.27,111551,0.0,1.0,INOD,2.0984983957335177,49.246073727351906,26.111111111111107
2012-07-25,5.87,5.88,5.615,5.67,5.67,77858,0.0,1.0,INOD,3.9360350671461743,74.9542285684531,49.01445466491459
2006-08-08,2.15,2.1728,2.0,2.1,2.1,11040,0.0,1.0,INOD,1.7096725594495734,63.3031271862179,28.04878048780488
2005-01-25,6.95,7.15,6.82,7.05,7.05,51500,0.0,1.0,INOD,4.518791691461472,79.99464640131848,54.94505494505495
2005-01-04,9.36,9.59,9.15,9.29,9.29,281100,0.0,1.0,INOD,6.775802403495497,75.48858553449548,35.22561863173215
2001-09-18,2.13,2.2,1.93,1.93,1.93,60100,0.0,1.0,INOD,1.8918967896789642,42.91675397174178,25.324675324675326
2001-05-07,8.175,9.13,8.15,8.98,8.98,520400,0.0,1.0,INOD,6.7794876356897005,72.92235418804759,36.68188736681888
2001-03-23,9.875,11.0,9.813,10.13,5.065,128700,0.0,1.0,INOD,5.877505643415462,74.05604884556601,76.17391304347827
2000-12-01,17.38,18.94,17.38,18.31,2.28875,27300,0.0,1.0,INOD,9.483793630877692,81.05866648463922,104.85567240993507
1999-11-10,11.94,14.38,11.88,13.63,1.70375,780600,0.0,1.0,INOD,10.87329932419208,77.17105703133208,36.3
2022-09-16,3.3,3.99,3.0,3.92,3.92,96756,0.0,1.0,INZY,2.7578440298680396,82.43392830620351,29.372937293729386
2023-03-06,10.28,10.28,9.86,10.02,10.02,699512,0.0,1.0,CARA,6.374375235096532,94.0973263789343,49.77578475336322
2021-04-28,25.97,26.1,25.3874,25.79,25.79,451823,0.0,1.0,CARA,13.85371641559367,91.67129248091405,83.29779673063254
2019-12-02,25.83,25.97,25.01,25.88,25.88,625508,0.0,1.0,CARA,17.437205824513672,84.59550301525874,52.81960436964865
2017-06-29,26.94,27.349,25.46,25.51,25.51,3407796,0.0,1.0,CARA,15.543684513604292,79.79715173491684,65.75698505523067
2016-02-25,7.13,7.2077,6.76,6.91,6.91,744535,0.0,1.0,CARA,5.105902051529804,61.699112590053375,45.16806722689077
2020-03-17,29.0,34.98,27.02,34.98,34.98,29192,0.0,1.0,SFST,25.452958739727787,64.07932712122692,61.64510166358595
2003-11-17,23.1,23.1,23.1,23.1,7.90264055259908,0,0.0,1.0,SFST,16.762537616622414,80.10619827142975,35.88235294117648
2002-04-23,12.0,18.0,12.0,18.0,6.15790172929798,1400,0.0,1.0,SFST,14.170138888888884,86.29603515920711,38.46153846153846
2022-01-26,9.94,11.23,9.8,10.6,10.6,946660,0.0,1.0,CUE,7.672826279043976,81.36178100356042,32.66583229036295
2020-03-11,17.05,17.46,15.5,15.71,15.71,229328,0.0,1.0,CUE,12.75990546423727,52.24689906663612,25.579536370903288
2021-02-01,0.7405,0.85,0.69,0.7001,0.7001,744408,0.0,1.0,DXLG,0.6503525908860766,48.763219576672476,27.290909090909075
2020-10-12,0.3025,0.38,0.3025,0.3666,0.3666,11436523,0.0,1.0,DXLG,0.30544119057132896,65.09368451718282,28.586460890915454
2020-08-27,0.31,0.519,0.3051,0.4496,0.4496,64385146,0.0,1.0,DXLG,0.3825725635059679,77.08074851657997,26.719278466741827
2020-03-17,0.37,0.45,0.28,0.29,0.29,122879,0.0,1.0,DXLG,0.3351420831045595,43.62463882060355,26.08695652173911
2020-03-16,0.48,0.48,0.34,0.41,0.41,52930,0.0,1.0,DXLG,0.3373776658956111,55.268742997418975,41.37931034482758
2020-03-13,0.5,0.59,0.43,0.52,0.52,55190,0.0,1.0,DXLG,0.3417581462943783,62.84464404900991,26.82926829268293
2017-11-16,2.0,2.5,2.0,2.3,2.3,282786,0.0,1.0,DXLG,2.0509126058399154,58.32596885830461,26.027397260273965
2008-12-18,0.58,0.6,0.53,0.59,0.59,198800,0.0,1.0,DXLG,0.5625553359235713,54.9577722781953,43.90243902439024
2008-11-20,0.6923,0.73,0.6,0.6,0.6,523700,0.0,1.0,DXLG,0.6001194106619242,52.87820148753061,36.36363636363635
2008-11-18,1.07,1.12,0.96,0.99,0.99,729100,0.0,1.0,DXLG,0.6378607344856905,68.41415484803599,39.43661971830987
2008-11-13,1.3,1.66,1.12,1.45,1.45,159000,0.0,1.0,DXLG,0.6640448081648243,78.3632860015515,38.095238095238095
2022-03-10,12.01,12.28,11.91,12.25,12.25,767699,0.0,1.0,TLYS,9.669389746560835,76.57692887957839,31.720430107526877
2020-03-13,5.19,5.34,4.65,5.1,4.50748709122203,1065824,0.0,1.0,TLYS,4.277816835006613,59.1641792058311,30.76923076923077
2020-01-10,11.95,11.97,11.61,11.68,9.16313833181844,307546,0.0,1.0,TLYS,8.980182561930874,86.17094072826977,28.634361233480178
2018-11-28,14.88,15.29,14.4,15.26,11.0371438198654,1120017,0.0,1.0,TLYS,11.83367319589782,81.23660203207955,26.74418604651163
2015-05-27,12.81,13.34,12.47,13.0,8.2736420694044,273060,0.0,1.0,TLYS,10.277446706640927,81.2969259047336,32.92433537832311
2013-11-26,15.21,15.95,15.19,15.88,10.1065720047801,98700,0.0,1.0,TLYS,11.91211034841732,89.0754751842463,32.33333333333335
2022-02-14,8.97,8.97,8.29,8.37,8.37,226972,0.0,1.0,LRMR,3.7655926100450685,87.88181880130786,108.72817955112217
2021-05-25,15.0,15.0,13.12,13.51,13.51,204262,0.0,1.0,LRMR,8.701841633283557,82.09354921290182,50.278086763070064
2021-05-10,13.211,13.61,13.12,13.12,13.12,7882,0.0,1.0,LRMR,9.947353331628152,57.38771629276871,56.9377990430622
2019-05-29,2.66,2.76,2.38,2.39,28.68,519121,0.0,1.0,LRMR,1.5875142810066216,91.54381509496301,25.130890052356026
2019-03-11,4.74,4.75,4.57,4.6,55.2,313366,0.0,1.0,LRMR,3.035135900819031,85.82493979673328,59.16955017301036
2018-11-23,8.59,9.34,8.5238,9.1,109.2,79897,0.0,1.0,LRMR,5.355847136758443,88.6843564591624,68.20702402957485
2016-07-19,6.67,6.87,6.5,6.75,81.0,618914,0.0,1.0,LRMR,3.262206985026214,90.21853973450708,108.3333333333333
2015-12-01,17.1,17.21,15.74,15.93,191.16,597023,0.0,1.0,LRMR,6.534100455857395,84.7963334050456,153.66242038216558
2015-10-15,19.31,22.15,19.12,21.02,252.24,2450048,0.0,1.0,LRMR,12.260103430137598,79.20717111426526,102.8957528957529
2015-10-12,34.76,36.09,22.03,22.15,265.8,1870811,0.0,1.0,LRMR,15.067548948152835,69.30979381027177,40.634920634920626
2015-10-09,33.78,34.99,33.14,34.4,412.8,89664,0.0,1.0,LRMR,15.163138191649884,79.9357023614959,55.30474040632054
2011-10-05,5.0,5.0,5.0,5.0,4.64829086368407,0,0.0,1.0,FRBA,3.580303030302917,72.75791598232857,42.04545454545454
2011-06-03,5.7,5.7,5.7,5.7,5.29905158459984,0,0.0,1.0,FRBA,3.7787499999995324,87.14259861297096,32.558139534883736
2010-08-12,3.7,3.7,3.7,3.7,3.43973523912621,0,0.0,1.0,FRBA,2.9475670385591854,76.80020479118778,27.586206896551737
2010-03-05,3.35,3.35,3.35,3.35,3.11435487866833,0,0.0,1.0,FRBA,2.623903077930215,69.30023179812183,28.352490421455954
2010-01-04,3.3,3.3,3.3,3.3,3.06787197003149,0,0.0,1.0,FRBA,2.7906258081198443,58.746188793954516,43.47826086956521
2009-02-25,5.0,5.0,5.0,5.0,4.64829086368407,0,0.0,1.0,FRBA,4.147169811320278,62.83992718562611,33.33333333333333
2008-10-07,5.0,5.5,4.5,4.5,4.18346177731566,2650,0.0,1.0,FRBA,5.045105765242534,41.086143555804114,26.7605633802817
2007-08-29,8.5,8.5,8.5,8.5,7.90209446826292,0,0.0,1.0,FRBA,6.561324316708806,81.07837163557187,25.92592592592593
2022-02-22,51.84,53.6,50.0,50.35,50.35,600455,0.0,1.0,KOD,9.685664554974604,97.13565038058687,410.6490872210954
2020-03-13,52.0,53.99,43.35,53.18,53.18,485611,0.0,1.0,KOD,44.67739382636488,57.493510021718535,31.862137366724518
2022-11-30,11.3,11.93,11.15,11.56,11.56,266386,0.0,1.0,LE,8.233513814606217,75.35282636934049,43.60248447204968
2020-03-20,7.0,7.86,6.59,6.63,6.63,556290,0.0,1.0,LE,5.620985507031972,53.581031369342355,28.988326848249034
2020-03-13,5.57,6.31,5.49,6.29,6.29,356506,0.0,1.0,LE,5.974985646912643,50.75073736060075,38.24175824175824
2020-03-11,7.11,7.5488,6.72,6.96,6.96,271423,0.0,1.0,LE,6.115144518012268,53.64229481862188,25.179856115107913
2022-09-20,0.66,0.68,0.6405,0.6692,7.54784815707246,705658,0.0,1.0,CARM,0.4598790650618707,74.33716871294905,48.678071539657864
2022-07-15,0.91,0.919499,0.86,0.9001,10.152149022984,1788865,0.0,1.0,CARM,0.6945428656195612,68.66058408138736,46.191326944940705
2021-08-13,5.22,6.04,0.7,2.11,23.7985050977628,120816398,0.0,1.0,CARM,1.4905872443370074,75.79099463563999,72.95081967213115
2021-08-12,4.11,5.03,4.03,4.91,55.3794597298652,33268792,0.0,1.0,CARM,1.6248749433000647,90.22184198818714,132.7014218009479
2020-12-18,1.7645,1.79,1.7,1.74,19.6253075213779,3991401,0.0,1.0,CARM,1.3851099462883418,57.05130080426698,31.818181818181813
2020-03-13,0.65,0.68,0.57,0.632,7.12827261696024,1205116,0.0,1.0,CARM,0.5020215309858158,58.91612793762419,38.9010989010989
2019-01-02,1.44,1.55,1.38,1.47,16.5800011818537,2069184,0.0,1.0,CARM,0.8739862609123292,85.39373801191495,58.06451612903225
2018-05-18,3.3,3.3,2.84,3.0,33.8367371058239,6380538,0.0,1.0,CARM,2.3452866739781344,67.75814538362468,29.87012987012987
2017-10-31,1.01,1.02,0.9225,0.95,10.7149667501776,1168996,0.0,1.0,CARM,0.7365951546046515,71.23896573070238,28.37837837837838
2016-04-22,0.9702,1.7,0.93,1.5,16.918368552912,14656246,0.0,1.0,CARM,1.1592451271916533,58.74384004776911,44.230769230769226
2016-03-15,0.378,0.513,0.355,0.49,5.52666706061791,5837605,0.0,1.0,CARM,0.41549101751002543,48.726682500429874,27.239678005712808
2016-01-15,2.2,2.35,2.0485,2.34,26.3926549425427,182422,0.0,1.0,CARM,0.47848711115103887,96.24659624965564,350.0
2015-05-15,12.51,12.51,11.91,11.97,135.008581052237,90175,0.0,1.0,CARM,3.3639378509678677,95.76163336824706,224.39024390243904
2022-07-20,14.0,14.25,13.19,13.72,13.72,196272,0.0,1.0,PRPH,10.650033336601178,65.16501646595097,32.81703775411424
2021-01-15,16.0,16.04,14.59,16.0,14.040771761448,141711,0.0,1.0,PRPH,11.644381689828554,77.39817902523785,34.11567476948869
2020-06-25,1.53,1.55,1.5,1.54,1.35142428203937,4397,0.0,1.0,PRPH,1.4291295930590258,44.427091331197204,28.333333333333343
2013-02-26,1.76,2.25,1.7353,2.25,1.23659071035324,122400,0.0,1.0,PRPH,1.8607636521738966,75.63486261166163,25.0
2012-05-09,0.996,0.996,0.996,0.996,0.547397487783036,500,0.0,1.0,PRPH,1.0086021071114797,48.85891561390945,52.760736196319
2010-11-09,1.48,1.48,1.333,1.36,0.747450384924628,3100,0.0,1.0,PRPH,1.3458053064958486,51.95230755684445,30.76923076923077
2010-08-11,1.6,1.75,1.4,1.7499,0.961737815132063,8900,0.0,1.0,PRPH,1.423317165242006,66.37260297298425,28.19780219780219
2010-06-28,1.6,1.6,1.271,1.42,0.780426137200714,20400,0.0,1.0,PRPH,1.1485644921059806,61.03948880876803,26.785714285714256
2002-07-19,7.11,7.113,6.5,6.5,3.57237316324271,52100,0.0,1.0,PRPH,4.937329691416033,68.41475478834117,51.162790697674424
2000-11-27,1.078,1.188,1.031,1.031,0.56663334327742,53500,0.0,1.0,PRPH,0.9157015444716846,57.521186994555485,26.892307692307682
2000-11-17,1.094,1.125,1.031,1.031,0.56663334327742,17300,0.0,1.0,PRPH,0.9353331711896083,55.36445759775287,26.892307692307682
2000-10-03,1.438,1.625,1.438,1.625,0.893093290810677,34800,0.0,1.0,PRPH,1.2974852767962086,67.83481939146466,30.000000000000004
2000-03-13,2.016,3.25,1.875,3.0,1.64878761380433,409400,0.0,1.0,PRPH,2.3211931232091656,84.86431549124833,35.19603424966202
2022-01-04,11.81,11.81,10.88,11.01,11.01,330827,0.0,1.0,ANNX,7.987893504109993,70.24701085384885,51.652892561983464
2021-07-12,15.56,15.56,15.0,15.15,10.6832318742536,38059,0.0,1.0,NECB,10.61730186299664,92.16683955711622,42.78982092365693
2022-01-04,20.74,20.795,19.24,20.2,20.2,126112,0.0,1.0,GLUE,15.413984774913258,72.12260939850724,29.238643634037096
2023-01-11,10.58,10.69,10.31,10.5,10.3925426259362,487118,0.0,1.0,KNOP,6.3254744395060545,89.3694331959738,50.645624103299866
2022-06-10,6.9,7.2,5.5901,6.94,6.94,4857067,0.0,1.0,CRBU,5.877137688766782,58.30609574118969,36.07843137254905
2022-06-09,8.94,9.12,8.67,8.72,8.72,371218,0.0,1.0,CRBU,5.952028331976149,70.93421067463169,25.648414985590783
2022-11-11,15.0,16.54,14.6327,16.01,16.01,390450,0.0,1.0,MASS,11.314896374401739,80.22955146310679,28.28525641025641
2022-05-10,15.4,17.825,15.0,17.72,17.72,324963,0.0,1.0,MASS,14.7754302765455,58.467446136591654,30.871491875923198
2019-04-04,23.77,24.0,23.08,23.54,23.54,963763,0.0,1.0,DLTH,17.978604172673023,89.15994793313695,33.74999999999999
2016-12-08,34.14,37.49,33.4,37.04,37.04,709151,0.0,1.0,DLTH,28.28736602956167,83.54243332121824,29.737302977232915
2022-03-21,6.86,6.96,6.53,6.68,6.68,275631,0.0,1.0,ORIC,5.229980306844588,64.23142038877785,40.336134453781504
2021-10-06,19.5,19.845,18.66,19.02,19.02,212319,0.0,1.0,ORIC,14.774745273161736,63.19588020860456,54.88599348534202
2023-02-27,19.38,19.5339,19.0085,19.27,18.9907246376812,122218,0.0,1.0,NEWT,14.557550348782089,82.93902047217023,25.865447419986932
2021-08-02,35.14,35.39,34.5,34.59,27.6102961715302,157009,0.0,1.0,NEWT,26.76175717136662,72.11545810809875,37.64424990051734
2009-06-23,0.49,0.49,0.49,0.49,0.835506257494092,0,0.0,1.0,NEWT,0.4146215819203991,58.59272432475606,25.64102564102564
2009-04-06,0.39,0.39,0.39,0.39,0.664994776372849,0,0.0,1.0,NEWT,0.35437818929979864,50.247021014504256,30.000000000000004
2009-03-04,0.27,0.37,0.26,0.36,0.613841332036476,100,0.0,1.0,NEWT,0.29788163481929575,54.15682702046496,33.33333333333333
2009-01-12,0.28,0.28,0.23,0.25,0.426278702803108,600,0.0,1.0,NEWT,0.23654814814742867,46.55184323805526,25.0
2008-12-26,0.23,0.31,0.23,0.31,0.528585591475854,6400,0.0,1.0,NEWT,0.22970807067802126,57.947512730047976,54.999999999999986
2008-11-26,0.25,0.37,0.25,0.35,0.596790183924351,19500,0.0,1.0,NEWT,0.30589965255147733,55.85213368919316,44.62809917355371
2008-11-24,0.26,0.3587,0.24,0.35,0.596790183924351,9300,0.0,1.0,NEWT,0.3093227203811031,54.76923452619611,34.099616858237525
2008-11-18,0.34,0.34,0.2501,0.2999,0.511363931882609,9000,0.0,1.0,NEWT,0.3269902149061962,50.263368618284616,36.38017280582082
2008-11-13,0.43,0.43,0.43,0.43,0.733199368821346,0,0.0,1.0,NEWT,0.33002283795122644,59.512910370131614,30.303030303030297
2008-11-04,0.81,0.81,0.81,0.81,1.38114299708207,0,0.0,1.0,NEWT,0.3531882664175392,76.51639202954316,28.57142857142858
2001-03-09,3.1,3.1,3.0,3.0,5.1153444336373,4000,0.0,1.0,NEWT,3.3563615819208032,46.141690976139394,50.0
2000-10-09,5.13,5.13,4.88,5.0,8.52557405606216,2500,0.0,1.0,NEWT,3.966831275720042,59.94978286129164,25.0
2018-05-08,18.35,18.85,18.05,18.45,16.9434434661077,388791,0.0,1.0,CSTE,14.33273423036428,68.14996827100347,40.839694656488554
2015-08-04,70.53,71.9,69.7901,71.02,64.3567293654775,303271,0.0,1.0,CSTE,49.7719136043022,83.01518256574046,35.096062392999805
2022-11-14,5.11,5.505,4.92,4.99,4.99,347352,0.0,1.0,RVPH,4.242997610911467,64.44812424416494,25.692695214105797
2022-07-28,0.8838,0.8838,0.786599,0.8431,0.8431,860712,0.0,1.0,RVPH,0.7084764714310474,40.82322590503856,32.58373958169523
2022-06-10,1.6,1.6194,1.46,1.5,1.5,33062,0.0,1.0,RVPH,1.1551445870283843,70.22025517616271,36.36363636363635
2022-08-08,7.25,8.025,7.23,7.52,7.52,2024256,0.0,1.0,CRMD,4.150063589214217,81.04565234265849,134.99999999999997
2021-09-03,6.33,6.51,6.24,6.46,6.46,110569,0.0,1.0,CRMD,4.916192511097986,80.55259152379868,29.070929070929076
2021-02-26,15.9,15.96,14.76,15.0,15.0,1187519,0.0,1.0,CRMD,8.660105585659172,76.56273846350872,66.29711751662973
2020-07-27,5.93,6.0,5.72,6.0,6.0,301236,0.0,1.0,CRMD,4.504670301043362,72.16709276466163,26.84989429175475
2020-03-17,2.8,3.2,2.18,3.07,3.07,843700,0.0,1.0,CRMD,2.9888861059932226,44.97901825761724,30.638297872340402
2020-03-13,4.27,4.38,3.26,3.96,3.96,489631,0.0,1.0,CRMD,3.080079142262849,58.1085458830492,31.56146179401995
2020-03-11,5.35,5.5,4.97,5.02,5.02,352675,0.0,1.0,CRMD,3.3270458451196885,67.6636492764471,30.051813471502587
2019-02-13,2.69,2.74,2.41,2.47,12.35,7387770,0.0,1.0,CRMD,1.9033566412599905,45.42082247051686,38.76404494382024
2018-10-18,2.0,2.03,1.6,1.6,8.0,5103284,0.0,1.0,CRMD,1.2791428094371144,64.84683759319623,30.08130081300815
2018-02-16,0.59,0.59,0.55,0.57,2.85,750034,0.0,1.0,CRMD,0.33891739628152756,88.01398649645415,46.153846153846146
2017-04-27,1.1,1.105,1.03,1.04,5.2,272475,0.0,1.0,CRMD,0.5830083982211955,89.2866433281275,62.474613341665375
2017-04-06,1.51,1.54,1.41,1.46,7.3,219997,0.0,1.0,CRMD,1.1729556441898517,80.000395136162,30.35714285714284
2015-07-17,3.86,4.31,3.8,4.25,21.25,649368,0.0,1.0,CRMD,3.4621384477315176,69.66286344230069,31.17283950617282
2012-05-02,0.39,0.39,0.37,0.39,1.95,10200,0.0,1.0,CRMD,0.2891730496453901,68.51460102868995,30.000000000000004
2011-11-11,0.3401,0.3401,0.3401,0.3401,1.7005,3300,0.0,1.0,CRMD,0.29933059273422563,54.0746255412942,26.009633197480575
2011-10-17,0.35,0.35,0.2612,0.3,1.5,66000,0.0,1.0,CRMD,0.32351355998436887,45.58300340550904,36.30168105406633
2011-10-03,0.9,0.9,0.7,0.7,3.5,21900,0.0,1.0,CRMD,0.37339551662564546,72.20807052545202,48.61995753715498
2011-09-30,0.8212,0.91,0.8212,0.91,4.55,4600,0.0,1.0,CRMD,0.3779618148093913,78.55882383945269,30.000000000000004
2020-02-20,1.89,1.97,1.86,1.95,19.5,453374,0.0,1.0,EYPT,1.357351942037011,78.9597518062123,34.48275862068966
2019-11-06,2.32,2.37,2.27,2.31,23.1,437173,0.0,1.0,EYPT,1.5016606332564286,76.43317627482782,39.15662650602412
2018-05-09,2.3,2.58,2.3,2.55,25.5,1133850,0.0,1.0,EYPT,2.1096769026442144,67.69832781026084,27.499999999999993
2013-10-17,4.39,4.65,3.19,3.8,38.0,3288978,0.0,1.0,EYPT,3.0108177256471897,80.67934068541281,32.40418118466897
2011-11-11,3.9,3.94,1.4,2.025,20.25,1331120,0.0,1.0,EYPT,1.7949717113702028,79.34217796243553,27.35849056603772
2011-11-10,4.19,4.2015,3.92,3.93,39.3,105492,0.0,1.0,EYPT,1.8656720781375253,92.17796351438602,94.07407407407409
2009-09-28,4.5,5.15,4.5,4.91,49.1,276675,0.0,1.0,EYPT,3.6419810658365606,76.27715959491003,28.198433420365543
2009-03-10,0.66,0.8,0.66,0.8,8.0,3750,0.0,1.0,EYPT,0.8057457663921928,41.23235772529373,29.011449766166763
2008-11-19,1.0,1.18,0.9616,1.17,11.7,17246,0.0,1.0,EYPT,1.0307727581755814,58.79437912799217,29.999999999999982
2008-10-29,1.44,2.49,1.19,2.0,20.0,13432,0.0,1.0,EYPT,1.3627443436759856,86.90048994176735,44.927536231884076
2008-10-14,1.48,1.48,0.91,1.148,11.48,46878,0.0,1.0,EYPT,1.2590160688802206,48.74655100424887,30.454545454545446
2008-09-26,2.3,2.3,2.05,2.21,22.1,57626,0.0,1.0,EYPT,1.2944066272198542,74.28991634625821,42.58064516129032
2007-06-29,1.51,1.55,1.49,1.52,15.2,70865,0.0,1.0,EYPT,1.2107738228553429,75.82600491029935,28.81355932203391
2022-08-08,1.43,1.45,1.31,1.37,24.66,3517222,0.0,1.0,ROOT,3.163718604004729,29.06636623071185,33.00970873786409
2020-03-17,2.11,2.15,1.75,1.83,1.83,538061,0.0,1.0,CNTY,2.262698935243199,39.85749930139287,60.52631578947369
2020-03-13,3.51,4.1,3.22,3.3,3.3,330673,0.0,1.0,CNTY,2.2889936861123665,58.85710789700327,64.17910447761194
2008-11-05,1.45,1.7,1.42,1.65,1.65,112900,0.0,1.0,CNTY,1.1511154988844643,71.44807888485003,26.93284098776827
2008-10-24,1.29,1.29,0.89,1.21,1.21,60200,0.0,1.0,CNTY,1.129230583036965,52.49676845082298,27.368421052631575
2008-10-22,1.74,1.78,1.41,1.73,1.73,136100,0.0,1.0,CNTY,1.2521271190811065,64.85848735176867,33.07692307692307
2023-05-01,23.83,24.29,23.26,23.37,23.37,242495,0.0,1.0,TREE,,,33.46659051970302
2016-01-12,82.53,86.95,82.04,86.63,86.63,1084079,0.0,1.0,TREE,70.39259687744571,64.75219562508948,41.69120052338893
2008-10-07,3.69,3.87,3.21,3.3,3.10791618160652,54300,0.0,1.0,TREE,2.456177864304035,64.63225981306383,62.5615763546798
2008-10-01,5.01,5.8,4.82,5.62,5.29287543655413,131700,0.0,1.0,TREE,2.9060200546374677,81.3156557642935,33.17535545023698
2020-03-17,10.0,10.92,9.725,10.29,9.70297960828636,102889,0.0,1.0,CSTR,9.104104465818267,55.105372152165224,37.56684491978608
2020-03-17,19.97,21.74,18.94,21.64,19.5667738991555,54873,0.0,1.0,MOFG,19.31735645596829,55.95722443314523,30.59746529873264
2021-10-22,6.07,6.63,5.75,6.58,6.58,1078793,0.0,1.0,EYEN,4.200409649971357,87.15409873830338,63.68159203980102
2020-03-11,3.45,3.45,2.7027,2.905,2.905,89230,0.0,1.0,EYEN,2.3540130519578844,57.67454956371122,33.256880733944925
2020-03-09,3.6474,3.69,2.925,3.55,3.55,185665,0.0,1.0,EYEN,2.6276978315834434,65.63916778980939,28.158844765342963
2018-11-09,3.9,3.99,3.75,3.9565,3.9565,12467,0.0,1.0,EYEN,3.0883092390514477,61.14226002450902,26.81089743589744
2020-03-17,16.56,18.83,16.18,18.4,15.7807342647214,85885,0.0,1.0,FISI,16.302174713729894,55.71240731740329,28.851540616246485
2020-03-13,5.37,6.72,5.37,6.62,6.62,188107,0.0,1.0,ASUR,5.873026341513051,57.98579578321422,25.85551330798479
2019-08-08,8.06,8.33,8.0288,8.25,8.25,236899,0.0,1.0,ASUR,6.385769121275338,70.125673822559,36.363636363636374
2018-11-08,11.47,11.47,10.94,11.04,11.04,284801,0.0,1.0,ASUR,6.763110094122029,82.85748109945155,42.45161290322579
2018-03-14,17.25,17.53,16.7,17.42,17.42,377703,0.0,1.0,ASUR,14.314072043087187,65.36298417210595,27.432333577176315
2012-04-30,7.01,7.13,7.01,7.08,4.72000236000002,18586,0.0,1.0,ASUR,5.025410603289714,78.4003854326158,50.31847133757963
2009-07-28,0.1701,0.178,0.17,0.177,1.18000059,14000,0.0,1.0,ASUR,0.161702717780341,46.14364845194513,26.428571428571402
2008-10-14,0.25,0.3,0.25,0.27,1.80000090000001,87101,0.0,1.0,ASUR,0.2046553045648115,64.70254232891304,31.514856307842187
2008-10-07,0.26,0.26,0.23,0.23,1.53333410000001,27433,0.0,1.0,ASUR,0.20893701515296317,54.766148023763215,27.77777777777779
2007-05-21,1.33,1.38,1.27,1.27,8.46667090000003,810300,0.0,1.0,ASUR,1.0811024620532146,67.89012644234614,36.559139784946225
2006-06-28,1.28,1.28,1.22,1.22,8.13333740000003,20800,0.0,1.0,ASUR,0.5969931659507905,91.01865118952004,56.41025641025641
2006-02-02,3.12,3.27,2.65,2.8,18.6666760000001,1106900,0.0,1.0,ASUR,2.0209189565910015,74.84458675778617,59.999999999999986
2004-02-06,2.8,2.8,2.75,2.76,18.4000092000001,54667,0.0,1.0,ASUR,2.0904019031480954,78.77288835385414,36.63366336633662
2002-10-03,1.46,1.84,1.46,1.8,12.000006,252667,0.0,1.0,ASUR,1.4446265997326355,59.09890295600391,26.7605633802817
2002-09-17,4.51,4.51,4.01,4.31,28.7333477000001,128000,0.0,1.0,ASUR,2.387292280695406,87.95163403806569,65.76923076923076
2002-02-26,2.26,2.53,2.25,2.4,16.0000080000001,126000,0.0,1.0,ASUR,2.380788467192292,44.998478842651615,25.0
2023-01-25,7.66,7.75,7.45,7.52,7.52,80355,0.0,1.0,ASPS,5.9758509315062724,64.10503881278908,30.78260869565217
2020-08-05,13.21,14.09,13.0,14.08,14.08,79209,0.0,1.0,ASPS,9.828544948370034,68.88531217063054,43.82022471910114
2020-03-06,14.01,14.09,9.66,10.5,10.5,373786,0.0,1.0,ASPS,8.622052856366675,62.19383302125976,27.582017010935587
2020-03-05,15.54,15.64,14.08,14.52,14.52,158839,0.0,1.0,ASPS,8.976770055369043,73.53706687972539,38.28571428571428
2017-04-19,45.5,46.99,43.48,43.88,43.88,698999,0.0,1.0,ASPS,25.843312088713223,89.12711236263284,72.48427672955975
2017-02-15,31.0,31.33,30.28,30.79,30.79,340423,0.0,1.0,ASPS,24.532580941683268,62.983493324091874,35.45974483062031
2016-02-29,33.72,33.72,26.0,26.76,26.76,2180640,0.0,1.0,ASPS,21.861075056145292,59.213641812014714,39.665970772442606
2016-02-26,35.74,36.73,33.35,34.41,34.41,674553,0.0,1.0,ASPS,22.16657863478297,71.06126793088751,28.58744394618833
2015-01-16,18.01,32.88,17.76,27.66,27.66,4966177,0.0,1.0,ASPS,23.621265123307797,65.1548236569015,30.103480714957655
2015-01-12,28.69,29.24,26.59,26.94,26.94,347712,0.0,1.0,ASPS,22.6570480206935,58.404646388588795,63.37174044875684
2014-12-19,48.0,48.45,47.1,47.54,47.54,503380,0.0,1.0,ASPS,33.93675473490869,74.4578272929765,50.96856144807875
2009-08-07,10.0,18.0,9.5,16.0,14.9758739537174,78300,0.0,1.0,ASPS,11.72133868869323,66.0945249453695,31.147540983606568
2023-04-24,8.41,8.59,8.36,8.45,8.45,127171,0.0,1.0,EHTH,,,25.37091988130562
2021-11-05,45.39,45.39,40.31,40.4,40.4,1088009,0.0,1.0,EHTH,28.74028512804353,83.03198618718622,34.39787092481703
2021-01-28,83.26,85.3149,78.0294,78.2,78.2,892122,0.0,1.0,EHTH,54.26937246690728,71.73153315462832,63.427377220480665
2020-07-23,116.01,118.05,112.1935,114.0,114.0,1372682,0.0,1.0,EHTH,77.77616881985502,81.34237759615974,43.99393709738537
2016-10-27,11.08,11.275,10.98,11.15,11.15,207228,0.0,1.0,EHTH,8.423119504543376,65.06994427809974,49.06417112299464
2016-07-28,13.46,14.32,13.12,14.04,14.04,557122,0.0,1.0,EHTH,10.65332478696517,73.30961130995024,47.01570680628271
2015-01-14,19.74,21.02,19.62,20.8,20.8,1556089,0.0,1.0,EHTH,10.988319172034512,83.501052511723,120.80679405520169
2014-07-30,31.43,31.92,31.11,31.65,31.65,376400,0.0,1.0,EHTH,21.737650108098777,77.67690750707065,52.89855072463767
2013-02-14,25.48,25.6087,24.94,25.4,25.4,77800,0.0,1.0,EHTH,17.186527324824066,80.31321753890795,28.868594622019273
2022-10-28,9.01,9.02,8.63,8.93,8.93,304854,0.0,1.0,YMAB,3.954353636594057,79.99323953733577,147.3684210526316
2022-10-25,14.86,15.47,14.86,15.17,15.17,221279,0.0,1.0,YMAB,5.30388247107129,89.18355201098531,37.78383287920073
2021-08-05,35.81,37.31,34.728,37.31,37.31,290022,0.0,1.0,YMAB,30.011213629339792,75.9556483090602,27.555555555555557
2020-03-17,17.88,18.48,16.1,18.06,18.06,318008,0.0,1.0,YMAB,20.718120459707297,33.88285179499846,25.503822098679628
2020-03-27,1.7,2.4771,1.57,1.69,1.69,422844,0.0,1.0,STKS,1.3657376304075675,61.911390451176814,35.19999999999999
2020-03-20,1.39,1.46,1.205,1.2284,1.2284,352179,0.0,1.0,STKS,1.3069420658705042,47.68704804128353,41.19540229885057
2020-03-13,1.99,2.13,1.85,1.9,1.9,121005,0.0,1.0,STKS,1.3633408490868522,61.98930006557131,30.136986301369852
2020-03-06,2.9,3.0,2.83,2.85,2.85,69389,0.0,1.0,STKS,1.5984129135935368,75.05477714306355,25.00000000000002
2022-01-27,15.25,15.35,15.2,15.25,10.9318996415771,79889,0.0,1.0,PDLB,10.822567934243338,95.37573351348715,41.33456904541244
2023-04-28,6.3,8.87,5.95,6.79,6.79,18533510,0.0,1.0,UCAR,,,29.333333333333343
2023-04-25,6.91,7.02,5.4101,5.57,5.57,2427949,0.0,1.0,UCAR,,,36.85503685503686
2023-04-24,9.95,10.759,6.89,7.035,7.035,7331758,0.0,1.0,UCAR,,,26.301615798922807
2023-04-20,8.1,75.0,8.1,43.18,43.18,3519107,0.0,1.0,UCAR,9.02251440335855,95.22548049290951,451.46871008939974
2022-11-02,45.0,45.21,42.55,43.07,43.07,191499,0.0,1.0,IPI,35.8799280880356,68.19569132908853,25.788551401869153
2020-03-17,1.12,1.13,1.0,1.11,11.1,779600,0.0,1.0,IPI,0.8434119532118277,60.33329372794151,44.15584415584417
2018-08-01,4.27,4.32,4.1,4.19,41.9,750600,0.0,1.0,IPI,3.4708718745421896,67.9820201898417,28.527607361963202
2016-02-29,1.55,1.56,0.91,0.99,9.9,14267921,0.0,1.0,IPI,1.136508726715588,44.760662484245074,48.02631578947369
2016-02-26,2.12,2.34,2.12,2.22,22.2,787827,0.0,1.0,IPI,1.1434249636994842,67.84007314035586,124.24242424242426
2013-07-29,19.03,19.51,18.95,19.44,194.4,511100,0.0,1.0,IPI,12.873586590461915,79.15256521731344,39.956803455723545
2008-11-11,19.43,19.89,18.7,19.46,188.055156950673,1308000,0.0,1.0,IPI,17.461999597388257,54.16963690743,26.52795838751625
2008-10-01,30.0,30.38,28.6919,29.65,286.52802690583,1236000,0.0,1.0,IPI,22.302022417990766,68.64422152308379,27.089584226318042
2023-05-01,9.78,9.8,7.16,7.89,7.89,886031,0.0,1.0,JWAC,,,86.52482269503543
2023-04-14,10.55,11.1,10.4,10.6,10.6,366537,0.0,1.0,JWAC,8.78034115670979,63.23404583048401,36.42213642213643
