t,o,c,h,l,s,v,Ticker,RSI,TP,Cumulative TP,Cumulative Volume,VWAP,Price % Change,Spike
1652140800,1.4,1.35,1.43,1.33,ok,970745.0,AREC,,1.37,1329920.65,970745.0,1.37,,0
1652227200,1.35,1.29,1.44,1.28,ok,745282.0,AREC,,1.336666666666667,996193.6066666668,1716027.0,0.5805232707099985,,0
1652313600,1.26,1.23,1.316,1.2,ok,813975.0,AREC,,1.2486666666666666,1016383.45,2530002.0,0.4017322713578882,,0
1652400000,1.29,1.4,1.42,1.29,ok,660149.0,AREC,,1.37,904404.13,3190151.0,0.2834988469197853,,0
1652659200,1.445,1.38,1.5,1.37,ok,867538.0,AREC,,1.4166666666666667,1229012.1666666667,4057689.0,0.3028847619092214,,0
1652745600,1.49,1.57,1.58,1.4,ok,612752.0,AREC,,1.5166666666666666,929340.5333333332,4670441.0,0.1989834650161158,,0
1652832000,1.53,1.51,1.58,1.485,ok,347365.0,AREC,,1.525,529731.625,5017806.0,0.1055703678061686,0.11851851851851847,0
1652918400,1.5,1.53,1.58,1.47,ok,648927.0,AREC,,1.5266666666666666,990695.22,5666733.0,0.1748265217365985,0.18604651162790686,0
1653004800,1.58,1.52,1.6,1.47,ok,444732.0,AREC,,1.53,680439.96,6111465.0,0.1113382732290866,0.2357723577235773,0
1653264000,1.57,1.62,1.68,1.5492,ok,925024.0,AREC,,1.6163999999999998,1495208.7935999995,7036489.0,0.2124935878674719,0.15714285714285725,0
1653350400,1.61,1.54,1.62,1.515,ok,693592.0,AREC,,1.5583333333333331,1080847.5333333334,7730081.0,0.1398235714908205,0.11594202898550732,0
1653436800,1.55,1.66,1.66,1.52,ok,520095.0,AREC,,1.6133333333333333,839086.6,8250176.0,0.1017052969536649,0.0573248407643312,0
1653523200,1.65,1.67,1.72,1.62,ok,359877.0,AREC,,1.67,600994.59,8610053.0,0.06980149715687,0.10596026490066213,0
1653609600,1.67,1.71,1.72,1.67,ok,279618.0,AREC,69.14893617021275,1.7,475350.6,8889671.0,0.0534722376114931,0.11764705882352944,0
1653955200,1.68,1.66,1.725,1.62,ok,361043.0,AREC,65.65656565656565,1.6683333333333332,602340.0716666667,9250714.0,0.0651128195798363,0.09210526315789469,0
1654041600,1.64,1.68,1.71,1.61,ok,296816.0,AREC,70.52631578947367,1.6666666666666667,494693.3333333334,9547530.0,0.0518137500833549,0.03703703703703698,0
1654128000,1.66,1.73,1.75,1.66,ok,309523.0,AREC,76.59574468085106,1.7133333333333336,530316.0733333334,9857053.0,0.0538006717964622,0.12337662337662336,0
1654214400,1.74,1.76,1.77,1.7,ok,280227.0,AREC,72.49999999999999,1.7433333333333332,488529.07,10137280.0,0.0481913363347959,0.06024096385542177,0
1654473600,1.75,1.92,1.97,1.68,ok,1346859.0,AREC,78.72340425531914,1.856666666666667,2500668.21,11484139.0,0.2177497337850055,0.14970059880239517,0
1654560000,1.92,1.96,2.005,1.838,ok,690580.0,AREC,74.68354430379745,1.9343333333333328,1335811.913333333,12174719.0,0.1097201433013224,0.14619883040935666,0
1654646400,2.02,1.91,2.07,1.89,ok,549695.0,AREC,75.64102564102564,1.9566666666666668,1075569.8833333333,12724414.0,0.0845280484691344,0.1506024096385543,0
1654732800,1.91,1.83,1.92,1.7892,ok,347696.0,AREC,67.85714285714286,1.8464,641985.8944,13072110.0,0.0491111147626511,0.08928571428571441,0
1654819200,1.75,1.75,1.81,1.72,ok,662104.0,AREC,62.63736263736263,1.76,1165303.04,13734214.0,0.0848467222077652,0.011560693641618602,0
1655078400,1.61,1.54,1.6446,1.51,ok,785079.0,AREC,46.07843137254902,1.5648666666666669,1228543.9578000002,14519293.0,0.0846145854209292,-0.125,0
1655164800,1.53,1.45,1.551,1.4392,ok,576489.0,AREC,45.63106796116505,1.4800666666666666,853242.1526,15095782.0,0.0565218915191011,-0.24479166666666663,0
1655251200,1.45,1.48,1.53,1.42,ok,447331.0,AREC,40.425531914893625,1.4766666666666666,660558.7766666666,15543113.0,0.0424984864143152,-0.24489795918367352,0
1655337600,1.47,1.47,1.515,1.4211,ok,283911.0,AREC,39.36170212765958,1.4687,416980.0857,15827024.0,0.0263460828580281,-0.23036649214659688,0
1655424000,1.53,1.55,1.64,1.4962,ok,511563.0,AREC,41.83673469387756,1.5620666666666665,799095.5101999999,16338587.0,0.0489084833468157,-0.15300546448087438,0
1655769600,1.6,1.62,1.68,1.57,ok,317896.0,AREC,48.00000000000001,1.6233333333333333,516051.1733333333,16656483.0,0.0309820010222646,-0.07428571428571418,0
1655856000,1.63,1.56,1.64,1.56,ok,385625.0,AREC,44.23076923076924,1.586666666666667,611858.3333333334,17042108.0,0.0359027376973161,0.012987012987013102,0
1655942400,1.54,1.5,1.6,1.48,ok,413266.0,AREC,39.04761904761905,1.5266666666666666,630919.4266666666,17455374.0,0.0361447097419205,0.034482758620689724,0
1656028800,1.49,1.55,1.615,1.49,ok,762279.0,AREC,40.18691588785047,1.5516666666666667,1182802.915,18217653.0,0.0649261963107981,0.04729729729729737,0
1656288000,1.54,1.58,1.61,1.53,ok,416838.0,AREC,31.91489361702129,1.5733333333333337,655825.1200000001,18634491.0,0.0351941526065831,0.0748299319727892,0
1656374400,1.62,1.52,1.64,1.5,ok,419919.0,AREC,27.083333333333343,1.5533333333333337,652274.18,19054410.0,0.0342321898185249,-0.01935483870967747,0
1656460800,1.522,1.4,1.54,1.36,ok,664173.0,AREC,25.242718446601955,1.4333333333333336,951981.3000000002,19718583.0,0.0482783828838005,-0.13580246913580263,0
1656547200,1.38,1.45,1.45,1.37,ok,255013.0,AREC,31.00000000000001,1.4233333333333336,362968.5033333334,19973596.0,0.0181724163907857,-0.0705128205128206,0
1656633600,1.42,1.51,1.52,1.42,ok,561969.0,AREC,37.75510204081633,1.4833333333333334,833587.35,20535565.0,0.0405923747410894,0.006666666666666599,0
1656979200,1.5,1.48,1.53,1.46,ok,338125.0,AREC,46.25,1.4900000000000002,503806.25000000006,20873690.0,0.024135945776717,-0.04516129032258065,0
1657065600,1.48,1.5,1.55,1.4237,ok,176806.0,AREC,53.424657534246585,1.4912333333333334,263659.00073333335,21050496.0,0.0125250730782463,-0.05063291139240511,0
1657152000,1.5,1.56,1.595,1.5,ok,390272.0,AREC,55.26315789473684,1.5516666666666663,605572.0533333332,21440768.0,0.0282439534504236,0.026315789473684292,0
1657238400,1.57,1.59,1.59,1.52,ok,185824.0,AREC,57.69230769230769,1.5666666666666669,291124.26666666666,21626592.0,0.0134614028260516,0.1357142857142859,0
1657497600,1.58,1.55,1.59,1.53,ok,110513.0,AREC,50.0,1.5566666666666666,172031.90333333332,21737105.0,0.0079142049198057,0.06896551724137945,0
1657584000,1.56,1.5,1.57,1.48,ok,229300.0,AREC,41.66666666666666,1.5166666666666666,347771.6666666666,21966405.0,0.0158319791821495,-0.0066225165562914245,0
1657670400,1.46,1.48,1.54,1.45,ok,223793.0,AREC,44.11764705882353,1.4900000000000002,333451.57000000007,22190198.0,0.0150269758746632,0.0,0
1657756800,1.42,1.47,1.47,1.4,ok,194758.0,AREC,47.61904761904761,1.4466666666666663,281749.9066666666,22384956.0,0.0125865740663804,-0.020000000000000018,0
1657843200,1.47,1.55,1.55,1.44,ok,224014.0,AREC,50.0,1.5133333333333334,339007.85333333333,22608970.0,0.0149943961769745,-0.0064102564102563875,0
1658102400,1.58,1.63,1.64,1.55,ok,359806.0,AREC,53.52112676056337,1.606666666666667,578088.3066666666,22968776.0,0.0251684420043395,0.025157232704402288,0
1658188800,1.72,1.85,1.8599,1.7,ok,1778502.0,AREC,68.9655172413793,1.8033,3207172.6566000003,24747278.0,0.1295969866504106,0.19354838709677424,0
1658275200,1.85,2.01,2.01,1.81,ok,729414.0,AREC,83.5164835164835,1.9433333333333331,1417494.54,25476692.0,0.0556388772922324,0.33999999999999986,0
1658361600,1.98,1.98,2.0,1.8801,ok,452049.0,AREC,79.77528089887642,1.9533666666666667,883017.4483,25928741.0,0.0340555466345242,0.33783783783783794,0
1658448000,1.98,1.83,1.98,1.79,ok,557239.0,AREC,66.32653061224491,1.8666666666666665,1040179.4666666666,26485980.0,0.0392728328975052,0.24489795918367352,0
1658707200,1.84,2.03,2.08,1.79,ok,567437.0,AREC,73.91304347826087,1.9666666666666668,1115959.433333333,27053417.0,0.0412502211211742,0.3096774193548386,0
1658793600,2.04,1.99,2.0499,1.9301,ok,372795.0,AREC,70.94017094017096,1.99,741862.05,27426212.0,0.0270493807165203,0.22085889570552153,0
1658880000,2.0,1.94,2.0311,1.88,ok,323105.0,AREC,66.37931034482759,1.9503666666666664,630173.2218333333,27749317.0,0.0227095038711523,0.048648648648648596,0
1658966400,1.94,2.01,2.03,1.8747,ok,319850.0,AREC,67.5,1.9715666666666667,630605.5983333334,28069167.0,0.0224661315504422,0.0,0
1659052800,2.01,2.22,2.29,1.98,ok,1278797.0,AREC,74.45255474452557,2.1633333333333336,2766464.1766666668,29347964.0,0.0942642623068048,0.12121212121212133,0
1659312000,2.25,2.31,2.4,2.23,ok,963417.0,AREC,78.72340425531917,2.313333333333333,2228704.66,30311381.0,0.073526991726309,0.2622950819672132,0
1659398400,2.27,2.29,2.3765,2.26,ok,383073.0,AREC,78.72340425531917,2.3088333333333333,884451.7115,30694454.0,0.0288147074223897,0.1280788177339902,0
1659484800,2.32,2.31,2.38,2.2501,ok,522644.0,AREC,79.57746478873241,2.313366666666667,1209067.2081333336,31217098.0,0.0387309290611617,0.16080402010050254,0
1659571200,2.31,2.33,2.39,2.21,ok,602556.0,AREC,78.6764705882353,2.31,1391904.36,31819654.0,0.0437435416488186,0.20103092783505172,0
1659657600,2.3,2.37,2.42,2.28,ok,587445.0,AREC,78.03030303030306,2.3566666666666665,1384412.0499999998,32407099.0,0.0427194069422875,0.17910447761194037,0
1659916800,2.45,2.52,2.55,2.39,ok,1205054.0,AREC,76.80000000000001,2.4866666666666664,2996567.613333333,33612153.0,0.0891513142086831,0.1351351351351351,0
1660003200,2.49,2.49,2.52,2.405,ok,551858.0,AREC,71.42857142857146,2.4716666666666667,1364009.0233333334,34164011.0,0.0399253185854943,0.07792207792207795,0
1660089600,2.52,2.6,2.6,2.44,ok,462788.0,AREC,75.83333333333334,2.546666666666667,1178566.7733333334,34626799.0,0.0340362611436689,0.1353711790393013,0
1660176000,2.62,2.56,2.62,2.5,ok,461671.0,AREC,83.48623853211011,2.56,1181877.76,35088470.0,0.0336827955165899,0.10822510822510822,0
1660262400,2.55,2.52,2.575,2.48,ok,286151.0,AREC,76.34408602150539,2.525,722531.275,35374621.0,0.020425131197872,0.08154506437768227,0
1660521600,2.44,2.3,2.48,2.3,ok,755334.0,AREC,63.96396396396396,2.36,1782588.24,36129955.0,0.0493382358212181,-0.029535864978903037,0
1660608000,2.31,2.58,2.6,2.3,ok,1050349.0,AREC,73.88059701492537,2.4933333333333336,2618870.173333334,37180304.0,0.0704370295986104,0.023809523809523725,0
1660694400,2.56,2.37,2.56,2.36,ok,786121.0,AREC,62.16216216216217,2.43,1910274.03,37966425.0,0.0503148250065683,-0.048192771084337394,0
1660780800,2.3,2.57,2.58,2.28,ok,711869.0,AREC,61.90476190476189,2.4766666666666666,1763062.2233333332,38678294.0,0.0455827297691395,-0.011538461538461608,0
1660867200,2.5,2.39,2.51,2.3609,ok,427363.0,AREC,52.56410256410257,2.4203,1034346.6688999998,39105657.0,0.0264500521983302,-0.06640625,0
1661126400,2.38,2.45,2.475,2.32,ok,1364636.0,AREC,55.0,2.415,3295595.94,40470293.0,0.0814324704790251,-0.02777777777777768,0
1661212800,2.45,2.6,2.65,2.44,ok,843747.0,AREC,58.38150289017341,2.563333333333333,2162804.81,41314040.0,0.0523503586190069,0.1304347826086958,0
1661299200,2.56,2.82,2.86,2.56,ok,1198690.0,AREC,62.69430051813471,2.7466666666666666,3292401.8666666667,42512730.0,0.07744508213579,0.09302325581395343,0
1661385600,2.82,2.91,2.97,2.68,ok,1778635.0,AREC,63.63636363636363,2.853333333333333,5075038.533333333,44291365.0,0.1145830238768512,0.2278481012658229,0
1661472000,2.93,2.96,3.0,2.835,ok,1209133.0,AREC,61.70212765957447,2.931666666666666,3544774.9116666666,45500498.0,0.0779062882271457,0.15175097276264604,0
1661731200,2.93,3.26,3.4465,2.93,ok,4451629.0,AREC,67.90697674418604,3.2121666666666666,14299374.286166666,49952127.0,0.286261569725883,0.36401673640167354,0
1661817600,3.25,3.2,3.26,3.145,ok,1347863.0,AREC,64.28571428571429,3.2016666666666667,4315408.038333333,51299990.0,0.0841210307903243,0.30612244897959173,0
1661904000,3.1,3.32,3.33,3.06,ok,1002286.0,AREC,67.43119266055047,3.236666666666667,3244065.686666667,52302276.0,0.0620253253733483,0.2769230769230768,0
1661990400,3.21,3.12,3.22,3.07,ok,795031.0,AREC,62.820512820512825,3.1366666666666667,2493747.236666667,53097307.0,0.0469656066863554,0.1063829787234043,0
1662076800,3.19,3.38,3.41,3.1,ok,1283493.0,AREC,72.68907563025212,3.296666666666667,4231248.59,54380800.0,0.0778077665278921,0.1615120274914088,0
1662422400,3.33,3.26,3.56,3.26,ok,1641587.0,AREC,65.31531531531533,3.36,5515732.319999999,56022387.0,0.0984558605116201,0.10135135135135132,0
1662508800,3.21,3.1,3.299,3.09,ok,828352.0,AREC,66.82027649769587,3.163,2620077.376,56850739.0,0.0460869536981744,-0.04907975460122693,0
1662595200,3.1,3.13,3.16,3.04,ok,890117.0,AREC,64.00000000000001,3.11,2768263.87,57740856.0,0.0479428962743468,-0.02187500000000009,0
1662681600,3.17,3.33,3.38,3.16,ok,916187.0,AREC,73.26732673267328,3.2900000000000005,3014255.2300000004,58657043.0,0.0513877801511405,0.003012048192771122,0
1662940800,3.36,3.2,3.38,3.16,ok,723190.0,AREC,67.94258373205744,3.2466666666666666,2347956.8666666667,59380233.0,0.0395410517615629,0.025641025641025772,0
1663027200,3.11,3.12,3.28,3.1,ok,631813.0,AREC,62.871287128712886,3.1666666666666665,2000741.1666666665,60012046.0,0.0333389927526661,-0.07692307692307687,0
1663113600,3.07,3.12,3.23,3.07,ok,538949.0,AREC,58.33333333333335,3.14,1692299.86,60550995.0,0.0279483410635944,-0.04294478527607348,0
1663200000,3.09,2.91,3.15,2.88,ok,849009.0,AREC,50.0,2.98,2530046.82,61400004.0,0.0412059715826728,-0.06129032258064515,0
1663286400,2.85,2.85,2.87,2.71,ok,757921.0,AREC,47.15025906735751,2.81,2129758.01,62157925.0,0.0342636600240436,-0.0894568690095846,0
1663545600,2.78,2.87,2.89,2.76,ok,389247.0,AREC,38.18181818181818,2.84,1105461.48,62547172.0,0.0176740441598222,-0.13813813813813813,0
1663632000,2.83,2.97,2.99,2.77,ok,433847.0,AREC,43.19526627218934,2.91,1262494.77,62981019.0,0.0200456389884704,-0.07187500000000002,0
1663718400,2.99,2.85,2.995,2.84,ok,321836.0,AREC,36.09467455621302,2.895,931715.22,63302855.0,0.0147183759721421,-0.08653846153846156,0
1663804800,2.84,2.79,2.875,2.77,ok,434818.0,AREC,39.35483870967741,2.811666666666666,1222563.2766666664,63737673.0,0.0191811721251051,-0.10576923076923084,0
1663891200,2.7,2.49,2.721,2.48,ok,660153.0,AREC,22.01257861635221,2.5636666666666668,1692412.2410000002,64397826.0,0.0262805803568586,-0.14432989690721643,0
1664150400,2.44,2.455,2.65,2.44,ok,535421.0,AREC,23.255813953488385,2.515,1346583.8150000002,64933247.0,0.0207379713353931,-0.13859649122807016,0
1664236800,2.5,2.64,2.67,2.49,ok,491942.0,AREC,34.96732026143792,2.6,1279049.2,65425189.0,0.0195497975558007,-0.08013937282229966,0
1664323200,2.66,2.88,2.91,2.65,ok,618265.0,AREC,42.81609195402299,2.813333333333334,1739385.5333333337,66043454.0,0.0263369861505628,-0.030303030303030387,0
1664409600,2.86,2.66,2.86,2.6399,ok,483531.0,AREC,30.965909090909093,2.719966666666666,1315188.2023,66526985.0,0.0197692440488622,-0.06666666666666665,0
1664496000,2.61,2.67,2.735,2.6,ok,232555.0,AREC,33.841463414634134,2.668333333333333,620534.2583333333,66759540.0,0.0092950649200598,-0.043010752688172116,0
1664755200,2.65,2.83,2.85,2.65,ok,456916.0,AREC,41.56976744186046,2.776666666666667,1268703.4266666668,67216456.0,0.0188748931759607,0.13654618473895574,0
1664841600,2.87,2.92,2.985,2.8101,ok,770031.0,AREC,44.47513812154696,2.9050333333333334,2236965.7227,67986487.0,0.0329030932676371,0.1894093686354379,0
1664928000,2.88,2.86,2.9,2.8,ok,326726.0,AREC,48.49397590361445,2.853333333333333,932258.1866666664,68313213.0,0.0136468209549251,0.08333333333333326,0
1665014400,2.84,2.97,3.0,2.84,ok,411838.0,AREC,53.50877192982456,2.936666666666667,1209430.9266666668,68725051.0,0.0175981088274007,0.03125,0
1665100800,2.95,2.85,2.96,2.83,ok,504518.0,AREC,49.447513812154696,2.8800000000000003,1453011.84,69229569.0,0.0209883126673806,0.0714285714285714,0
1665360000,2.85,2.73,2.97,2.69,ok,439405.0,AREC,43.44262295081967,2.796666666666667,1228869.316666667,69668974.0,0.0176386883014333,0.022471910112359605,0
1665446400,2.68,2.77,2.805,2.66,ok,584329.0,AREC,47.71428571428571,2.745,1603983.1049999995,70253303.0,0.0228314262320164,-0.021201413427561877,0
1665532800,2.75,2.55,2.75,2.53,ok,436560.0,AREC,43.71727748691099,2.61,1139421.6,70689863.0,0.0161185996357073,-0.12671232876712335,0
1665619200,2.5,2.46,2.55,2.39,ok,916520.0,AREC,49.11764705882352,2.4666666666666663,2260749.333333333,71606383.0,0.0315718967865383,-0.1398601398601398,0
1665705600,2.46,2.23,2.485,2.225,ok,944052.0,AREC,44.06332453825858,2.313333333333333,2183906.9599999995,72550435.0,0.0301019140684683,-0.24915824915824925,0
1665964800,2.29,2.44,2.46,2.28,ok,542979.0,AREC,44.79166666666666,2.393333333333333,1299529.7399999998,73093414.0,0.0177790264386884,-0.14385964912280702,0
1666051200,2.5,2.52,2.59,2.49,ok,427680.0,AREC,39.77272727272727,2.533333333333333,1083456.0,73521094.0,0.0147366686355347,-0.07692307692307687,0
1666137600,2.49,2.5,2.63,2.47,ok,550307.0,AREC,44.87179487179487,2.533333333333333,1394111.066666667,74071401.0,0.0188211785904612,-0.09747292418772568,0
1666224000,2.5,2.39,2.58,2.365,ok,524717.0,AREC,41.566265060240966,2.4450000000000003,1282933.0650000002,74596118.0,0.0171983891306515,-0.06274509803921557,0
1666310400,2.38,2.43,2.4699,2.275,ok,566940.0,AREC,37.01298701298702,2.391633333333333,1355912.602,75163058.0,0.0180396146468654,-0.012195121951219412,0
1666569600,2.44,2.4,2.44,2.325,ok,362524.0,AREC,32.432432432432435,2.3883333333333336,865828.1533333334,75525582.0,0.0114640381497931,0.07623318385650224,0
1666656000,2.4,2.3,2.48,2.275,ok,1406680.0,AREC,31.57894736842105,2.3516666666666666,3308042.4666666663,76932262.0,0.0429994176781993,-0.05737704918032793,0
1666742400,2.26,2.36,2.42,2.25,ok,316760.0,AREC,29.25170068027211,2.3433333333333333,742274.2666666666,77249022.0,0.0096088500209965,-0.0634920634920636,0
1666828800,2.36,2.26,2.41,2.165,ok,811131.0,AREC,29.65517241379311,2.2783333333333333,1848026.795,78060153.0,0.0236743937076321,-0.09600000000000009,0
1666915200,2.25,2.24,2.3199,2.14,ok,512833.0,AREC,31.851851851851865,2.2333000000000003,1145309.9389000002,78572986.0,0.0145763830192224,-0.06276150627615062,0
1667174400,2.22,1.99,2.24,1.98,ok,1261644.0,AREC,25.00000000000001,2.0700000000000003,2611603.0800000005,79834630.0,0.0327126596565926,-0.1810699588477367,0
1667260800,2.04,1.73,2.05,1.72,ok,1812496.0,AREC,24.375,1.8333333333333333,3322909.333333333,81647126.0,0.0406984237673391,-0.2791666666666667,0
1667347200,1.73,1.6,1.75,1.595,ok,1205380.0,AREC,23.78048780487805,1.6483333333333334,1986868.0333333332,82852506.0,0.0239807837958858,-0.30434782608695643,0
1667433600,1.56,1.66,1.69,1.5304,ok,1192930.0,AREC,30.612244897959187,1.6268,1940658.524,84045436.0,0.0230905878577392,-0.2966101694915254,0
1667520000,1.74,1.72,1.77,1.675,ok,814616.0,AREC,22.727272727272734,1.721666666666667,1402497.2133333334,84860052.0,0.0165271783398545,-0.23893805309734506,0
1667779200,1.69,1.65,1.721,1.62,ok,556547.0,AREC,16.79389312977098,1.6636666666666666,925908.6923333332,85416599.0,0.0108399152292791,-0.2633928571428572,0
1667865600,1.69,1.68,1.7,1.62,ok,758203.0,AREC,18.939393939393938,1.6666666666666667,1263671.6666666667,86174802.0,0.0146640507124886,-0.15577889447236182,0
1667952000,1.68,1.52,1.68,1.51,ok,649156.0,AREC,18.248175182481745,1.57,1019174.92,86823958.0,0.0117384065812802,-0.12138728323699421,0
1668038400,1.61,1.69,1.7106,1.59,ok,602048.0,AREC,25.33333333333333,1.6635333333333335,1001526.9162666668,87426006.0,0.0114557093717247,0.05624999999999991,0
1668124800,1.72,1.73,1.81,1.665,ok,479450.0,AREC,27.814569536423832,1.735,831845.75,87905456.0,0.0094629592729716,0.04216867469879526,0
1668384000,1.7,1.73,1.875,1.7,ok,695487.0,AREC,29.787234042553195,1.768333333333333,1229852.845,88600943.0,0.0138808098803192,0.005813953488372103,0
1668470400,1.7,1.79,1.83,1.66,ok,1042960.0,AREC,29.787234042553195,1.76,1835609.6,89643903.0,0.0204766809405877,0.08484848484848495,0
1668556800,1.8,1.67,1.8089,1.635,ok,701766.0,AREC,29.370629370629374,1.7046333333333334,1196253.7158,90345669.0,0.0132408529267739,-0.005952380952380931,0
1668643200,1.63,1.64,1.6499,1.575,ok,481321.0,AREC,29.166666666666657,1.6216333333333333,780526.1776333333,90826990.0,0.0085935488738901,0.07894736842105265,0
1668729600,1.63,1.63,1.66,1.59,ok,254362.0,AREC,35.0,1.6266666666666667,413762.1866666667,91081352.0,0.0045427760741481,-0.03550295857988173,0
1668988800,1.68,1.6,1.69,1.55,ok,1452078.0,AREC,43.29896907216495,1.6133333333333333,2342685.84,92533430.0,0.0253171836383888,-0.07514450867052014,0
1669075200,1.6,1.71,1.7609,1.6,ok,972631.0,AREC,55.78947368421053,1.6903,1644038.1793,93506061.0,0.0175821562978682,-0.011560693641618491,0
1669161600,1.7,1.72,1.72,1.66,ok,277684.0,AREC,53.33333333333334,1.7,472062.8,93783745.0,0.0050335247328841,-0.03910614525139666,0
1669334400,1.72,1.76,1.77,1.7007,ok,187744.0,AREC,52.27272727272727,1.7435666666666665,327344.18026666663,93971489.0,0.0034834414538931,0.05389221556886237,0
1669593600,1.71,1.64,1.73,1.63,ok,313474.0,AREC,49.46236559139785,1.6666666666666667,522456.6666666667,94284963.0,0.0055412512244043,0.0,0
1669680000,1.64,1.64,1.69,1.64,ok,277899.0,AREC,47.77777777777777,1.6566666666666665,460386.01,94562862.0,0.004868571025272,0.006134969325153339,0
1669766400,1.68,1.51,1.68,1.34,ok,2247159.0,AREC,49.42528735632184,1.51,3393210.09,96810021.0,0.0350501947520494,-0.05625000000000002,0
1669852800,1.52,1.44,1.5582,1.43,ok,427723.0,AREC,33.76623376623377,1.4760666666666669,631347.6628666668,97237744.0,0.0064928250789803,-0.1578947368421053,0
1669939200,1.45,1.44,1.49,1.37,ok,415258.0,AREC,30.13698630136986,1.4333333333333336,595203.1333333334,97653002.0,0.0060950828048617,-0.16279069767441867,0
1670198400,1.45,1.34,1.4941,1.32,ok,929036.0,AREC,26.506024096385545,1.3846999999999998,1286436.1492,98582038.0,0.0130493969824401,-0.23863636363636365,0
1670284800,1.36,1.36,1.4,1.33,ok,481819.0,AREC,22.784810126582272,1.3633333333333333,656879.9033333333,99063857.0,0.0066308734913615,-0.1707317073170731,0
1670371200,1.34,1.32,1.399,1.32,ok,507406.0,AREC,25.352112676056336,1.3463333333333336,683137.6113333334,99571263.0,0.0068607908622524,-0.19512195121951215,0
1670457600,1.32,1.25,1.35,1.23,ok,493782.0,AREC,24.0,1.2766666666666666,630395.02,100065045.0,0.0062998524609667,-0.17218543046357615,0
1670544000,1.25,1.28,1.3,1.22,ok,405878.0,AREC,27.272727272727263,1.2666666666666666,514112.1333333333,100470923.0,0.005117024089978,-0.11111111111111105,0
1670803200,1.26,1.41,1.45,1.2501,ok,467012.0,AREC,39.08045977011493,1.3700333333333334,639822.0070666667,100937935.0,0.0063387665605271,-0.02083333333333337,0
1670889600,1.47,1.47,1.5,1.41,ok,335342.0,AREC,35.365853658536594,1.46,489599.32,101273277.0,0.0048344374202485,0.09701492537313428,0
1670976000,1.46,1.35,1.49,1.35,ok,372700.0,AREC,30.107526881720432,1.3966666666666665,520537.6666666666,101645977.0,0.005121084788891,-0.007352941176470562,0
1671062400,1.32,1.23,1.34,1.22,ok,391201.0,AREC,23.76237623762377,1.2633333333333334,494217.26333333337,102037178.0,0.0048435018786322,-0.06818181818181823,0
1671148800,1.21,1.22,1.26,1.16,ok,619133.0,AREC,26.66666666666667,1.2133333333333332,751214.7066666665,102656311.0,0.0073177644837312,-0.02400000000000002,0
1671408000,1.22,1.18,1.2599,1.17,ok,274882.0,AREC,25.531914893617028,1.2032999999999998,330765.5105999999,102931193.0,0.0032134623233211,-0.07812500000000011,0
1671494400,1.18,1.21,1.25,1.16,ok,216186.0,AREC,32.14285714285715,1.2066666666666668,260864.44000000003,103147379.0,0.0025290457453116,-0.14184397163120566,0
1671580800,1.27,1.29,1.32,1.22,ok,323018.0,AREC,41.1764705882353,1.2766666666666666,412386.3133333333,103470397.0,0.0039855487684398,-0.12244897959183665,0
1671667200,1.29,1.21,1.29,1.18,ok,198750.0,AREC,37.634408602150536,1.2266666666666666,243800.0,103669147.0,0.0023517122215735,-0.10370370370370374,0
1671753600,1.21,1.29,1.3,1.21,ok,220467.0,AREC,47.25274725274725,1.2666666666666666,279258.2,103889614.0,0.0026880280833462,0.04878048780487809,0
1672099200,1.28,1.2,1.32,1.2,ok,202693.0,AREC,41.83673469387755,1.24,251339.32,104092307.0,0.0024145811274986,-0.016393442622950838,0
1672185600,1.18,1.16,1.25,1.15,ok,377512.0,AREC,41.83673469387755,1.1866666666666663,447980.9066666666,104469819.0,0.0042881370998323,-0.016949152542372947,0
1672272000,1.16,1.22,1.26,1.15,ok,305686.0,AREC,48.45360824742268,1.21,369880.06,104775505.0,0.0035302150058832,0.008264462809917328,0
1672358400,1.23,1.32,1.33,1.21,ok,355706.0,AREC,51.92307692307693,1.2866666666666668,457675.0533333334,105131211.0,0.0043533699362916,0.023255813953488413,0
1672704000,1.34,1.23,1.39,1.21,ok,255257.0,AREC,41.000000000000014,1.2766666666666666,325878.10333333333,105386468.0,0.0030922196133694,0.016528925619834656,0
1672790400,1.25,1.23,1.26,1.19,ok,322544.0,AREC,37.2340425531915,1.2266666666666668,395653.9733333334,105709012.0,0.0037428594388275,-0.04651162790697683,0
1672876800,1.23,1.24,1.26,1.21,ok,148896.0,AREC,43.37349397590362,1.2366666666666666,184134.72,105857908.0,0.0017394517186188,0.03333333333333344,0
1672963200,1.27,1.34,1.36,1.26,ok,342235.0,AREC,56.79012345679012,1.32,451750.2,106200143.0,0.0042537626338224,0.15517241379310365,0
1673222400,1.35,1.35,1.4,1.34,ok,182452.0,AREC,58.02469135802469,1.3633333333333333,248742.8933333333,106382595.0,0.0023381916311905,0.10655737704918034,0
1673308800,1.37,1.44,1.48,1.34,ok,212615.0,AREC,65.11627906976744,1.42,301913.3,106595210.0,0.0028323345861413,0.09090909090909083,0
1673395200,1.46,1.46,1.57,1.4076,ok,372631.0,AREC,64.70588235294117,1.4791999999999998,551195.7751999999,106967841.0,0.0051529110997014,0.1869918699186992,0
1673481600,1.46,1.54,1.545,1.43,ok,184460.0,AREC,64.70588235294117,1.505,277612.3,107152301.0,0.0025908197715698,0.2520325203252034,0
1673568000,1.53,1.58,1.6,1.46,ok,349214.0,AREC,72.83950617283949,1.5466666666666669,540117.6533333334,107501515.0,0.0050242794562786,0.27419354838709675,0
1673913600,1.58,1.59,1.64,1.54,ok,204461.0,AREC,70.27027027027026,1.59,325092.99,107705976.0,0.0030183375340287,0.18656716417910446,0
1674000000,1.64,1.51,1.64,1.48,ok,303412.0,AREC,71.23287671232876,1.5433333333333332,468265.8533333333,108009388.0,0.0043354180780408,0.11851851851851847,0
1674086400,1.51,1.46,1.51,1.45,ok,168488.0,AREC,70.27027027027026,1.4733333333333334,248238.98666666663,108177876.0,0.0022947297159602,0.01388888888888884,0
1674172800,1.49,1.5,1.53,1.46,ok,242967.0,AREC,69.44444444444443,1.4966666666666668,363640.61,108420843.0,0.0033539732761531,0.027397260273972712,0
1674432000,1.52,1.46,1.53,1.409,ok,448979.0,AREC,60.60606060606059,1.4663333333333333,658352.8736666667,108869822.0,0.0060471567012084,-0.051948051948051965,0
1674518400,1.51,1.55,1.56,1.44,ok,302694.0,AREC,74.24242424242424,1.5166666666666666,459085.9,109172516.0,0.0042051417043461,-0.01898734177215189,0
1674604800,1.55,1.69,1.71,1.5,ok,589218.0,AREC,78.74999999999999,1.6333333333333335,962389.4,109761734.0,0.0087679864824292,0.06289308176100628,0
1674691200,1.77,1.75,1.77,1.645,ok,738917.0,AREC,80.0,1.721666666666667,1272168.7683333333,110500651.0,0.0115127717060538,0.1589403973509933,0
1674777600,1.75,1.67,1.75,1.61,ok,416214.0,AREC,69.87951807228913,1.6766666666666667,697852.14,110916865.0,0.0062916684491578,0.14383561643835607,0
1675036800,1.68,1.54,1.68,1.51,ok,257442.0,AREC,59.99999999999999,1.5766666666666669,405900.22,111174307.0,0.0036510254118336,0.026666666666666616,0
1675123200,1.54,1.55,1.62,1.5,ok,272140.0,AREC,56.321839080459775,1.5566666666666666,423631.26666666666,111446447.0,0.0038012092630164,0.06164383561643838,0
1675209600,1.52,1.61,1.64,1.52,ok,163518.0,AREC,58.24175824175824,1.59,259993.62,111609965.0,0.0023294839309375,0.03870967741935494,0
1675296000,1.62,1.67,1.71,1.58,ok,435521.0,AREC,57.30337078651685,1.653333333333333,720061.3866666667,112045486.0,0.0064265095576154,-0.01183431952662728,0
1675382400,1.65,1.72,1.84,1.65,ok,476167.0,AREC,57.77777777777777,1.7366666666666666,826943.3566666666,112521653.0,0.0073491931074516,-0.017142857142857126,0
1675641600,1.72,1.66,1.73,1.62,ok,258968.0,AREC,53.68421052631578,1.67,432476.56,112780621.0,0.0038346708518301,-0.005988023952095856,0
1675728000,1.66,1.69,1.718,1.63,ok,249216.0,AREC,60.0,1.6793333333333331,418516.736,113029837.0,0.0037027102498608,0.09740259740259738,0
1675814400,1.67,1.52,1.72,1.51,ok,420617.0,AREC,52.94117647058823,1.5833333333333333,665976.9166666666,113450454.0,0.0058702005429318,-0.01935483870967747,0
1675900800,1.57,1.5,1.58,1.5,ok,259132.0,AREC,50.0,1.5266666666666666,395608.18666666665,113709586.0,0.0034791102543163,-0.06832298136645965,0
1675987200,1.5,1.53,1.57,1.4426,ok,160321.0,AREC,53.53535353535354,1.5142,242758.0582,113869907.0,0.0021318894921025,-0.08383233532934131,0
1676246400,1.51,1.47,1.55,1.45,ok,156155.0,AREC,45.83333333333333,1.49,232670.95,114026062.0,0.0020405067571306,-0.14534883720930236,0
1676332800,1.52,1.61,1.62,1.45,ok,206095.0,AREC,45.833333333333336,1.5600000000000005,321508.20000000007,114232157.0,0.0028145157059408,-0.030120481927710774,0
1676419200,1.6,1.66,1.69,1.6,ok,182584.0,AREC,45.26315789473684,1.65,301263.60000000003,114414741.0,0.0026330837911873,-0.017751479289940808,0
1676505600,1.66,1.72,1.87,1.63,ok,484774.0,AREC,52.68817204301075,1.74,843506.76,114899515.0,0.0073412560531695,0.13157894736842102,0
1676592000,1.73,1.71,1.73,1.66,ok,154572.0,AREC,60.49382716049382,1.7,262772.4,115054087.0,0.0022839032219689,0.1399999999999999,0
1676937600,1.69,1.555,1.69,1.51,ok,245758.0,AREC,50.26178010471203,1.585,389526.43,115299845.0,0.0033783777419648,0.016339869281045694,0
1677024000,1.55,1.55,1.6,1.52,ok,137992.0,AREC,46.66666666666666,1.5566666666666666,214807.54666666663,115437837.0,0.0018608070997264,0.054421768707483054,0
1677110400,1.56,1.6,1.61,1.56,ok,203413.0,AREC,46.06741573033709,1.59,323426.67,115641250.0,0.0027968105671635,-0.006211180124223614,0
1677196800,1.55,1.56,1.61,1.55,ok,106641.0,AREC,40.909090909090914,1.5733333333333337,167781.84000000003,115747891.0,0.0014495455472272,-0.06024096385542166,0
1677456000,1.6,1.625,1.65,1.58,ok,175387.0,AREC,48.0225988700565,1.6183333333333334,283834.62833333336,115923278.0,0.0024484696536387,-0.05523255813953487,0
1677542400,1.64,1.63,1.65,1.58,ok,95510.0,AREC,46.51162790697674,1.62,154726.19999999998,116018788.0,0.0013336305495623,-0.04678362573099415,0
1677628800,1.65,1.67,1.69,1.61,ok,132381.0,AREC,60.27397260273972,1.6566666666666665,219311.19,116151169.0,0.0018881531015843,0.07395498392282951,0
1677715200,1.65,1.58,1.66,1.56,ok,93675.0,AREC,55.0,1.6,149880.0,116244844.0,0.0012893475086086,0.019354838709677358,0
1677801600,1.59,1.64,1.65,1.58,ok,87723.0,AREC,56.62650602409638,1.6233333333333333,142403.66999999998,116332567.0,0.0012241083788686,0.02499999999999991,0
1678060800,1.67,1.58,1.67,1.56,ok,132954.0,AREC,56.6265060240964,1.6033333333333335,213169.58,116465521.0,0.0018303234997763,0.012820512820512775,0
1678147200,1.57,1.47,1.5701,1.47,ok,189857.0,AREC,41.24999999999999,1.5033666666666663,285424.6852333333,116655378.0,0.0024467340479864,-0.0953846153846154,0
1678233600,1.46,1.47,1.5,1.42,ok,178207.0,AREC,37.333333333333336,1.4633333333333332,260776.2433333333,116833585.0,0.0022320315116011,-0.09815950920245398,0
1678320000,1.46,1.465,1.54,1.46,ok,127983.0,AREC,31.6546762589928,1.4883333333333333,190481.365,116961568.0,0.0016285808086977,-0.12275449101796398,0
1678406400,1.49,1.44,1.49,1.39,ok,342689.0,AREC,30.985915492957744,1.4400000000000002,493472.16,117304257.0,0.0042067711148794,-0.08860759493670889,0
1678665600,1.4,1.36,1.42,1.35,ok,166006.0,AREC,34.64566929133858,1.3766666666666667,228534.92666666667,117470263.0,0.0019454704606106,-0.1707317073170731,0
1678752000,1.43,1.4,1.45,1.37,ok,254742.0,AREC,38.8059701492537,1.406666666666667,358337.0800000001,117725005.0,0.0030438485010045,-0.11392405063291144,0
1678838400,1.31,1.33,1.38,1.28,ok,352195.0,AREC,30.434782608695627,1.33,468419.35,118077200.0,0.0039670601098264,-0.09523809523809512,0
1678924800,1.33,1.36,1.38,1.33,ok,134399.0,AREC,35.2941176470588,1.356666666666667,182334.6433333333,118211599.0,0.0015424429148727,-0.07482993197278909,0
1679011200,1.37,1.34,1.39,1.34,ok,163766.0,AREC,27.55905511811021,1.356666666666667,222175.87333333332,118375365.0,0.0018768759305057,-0.08532423208191131,0
1679270400,1.35,1.27,1.35,1.25,ok,410605.0,AREC,24.285714285714263,1.29,529680.4500000001,118785970.0,0.0044591162575849,-0.11805555555555547,0
1679356800,1.27,1.29,1.35,1.27,ok,146215.0,AREC,22.05882352941176,1.3033333333333337,190566.88333333336,118932185.0,0.0016023154988141,-0.05147058823529416,0
1679443200,1.29,1.31,1.35,1.27,ok,90711.0,AREC,27.868852459016367,1.31,118831.41,119022896.0,0.0009983911834912,-0.06428571428571417,0
1679529600,1.35,1.29,1.36,1.26,ok,112569.0,AREC,19.29824561403508,1.3033333333333337,146714.93000000002,119135465.0,0.0012314966832084,-0.03007518796992481,0
1679616000,1.3,1.31,1.32,1.2601,ok,104425.0,AREC,24.52830188679244,1.2967,135407.8975,119239890.0,0.001135592271177,-0.03676470588235292,0
1679875200,1.33,1.34,1.34,1.29,ok,44616.0,AREC,35.55555555555557,1.3233333333333333,59041.84,119284506.0,0.0004949665466192,0.0,0
1679961600,1.34,1.33,1.38,1.31,ok,105454.0,AREC,34.78260869565217,1.34,141308.36,119389960.0,0.0011835866265471,0.047244094488189115,0
1680048000,1.34,1.34,1.35,1.2814,ok,108345.0,AREC,36.55913978494623,1.3238,143427.111,119498305.0,0.0012002438946728,0.03875968992248069,0
1680134400,1.34,1.41,1.43,1.34,ok,216855.0,AREC,47.05882352941176,1.393333333333333,302151.3,119715160.0,0.0025239184410729,0.07633587786259532,0
1680220800,1.45,1.5,1.5755,1.44,ok,424602.0,AREC,63.46153846153846,1.5051666666666663,639096.777,120139762.0,0.0053196108129463,0.16279069767441867,0
1680480000,1.5,1.39,1.5,1.35,ok,368608.0,AREC,49.15254237288136,1.413333333333333,520965.9733333333,120508370.0,0.0043230687904361,0.061068702290076216,0
1680566400,1.37,1.36,1.38,1.29,ok,170868.0,AREC,52.72727272727273,1.3433333333333335,229532.68,120679238.0,0.0019020063749491,0.014925373134328401,0
1680652800,1.34,1.33,1.4,1.3,ok,250052.0,AREC,47.27272727272727,1.3433333333333335,335903.1866666667,120929290.0,0.0027776826165659,0.0,0
1680739200,1.31,1.33,1.34,1.3,ok,167921.0,AREC,49.0566037735849,1.3233333333333337,222215.4566666667,121097211.0,0.0018350171307138,-0.007462686567164201,0
1681084800,1.33,1.335,1.34,1.26,ok,312560.0,AREC,56.98924731182796,1.3116666666666668,409974.5333333334,121409771.0,0.0033767836802305,-0.05319148936170215,0
1681171200,1.33,1.24,1.35,1.2,ok,794358.0,AREC,45.37037037037037,1.2633333333333334,1003538.94,122204129.0,0.0082119888109508,-0.17333333333333334,0
1681257600,1.28,1.275,1.3,1.24,ok,317491.0,AREC,46.84684684684683,1.2716666666666667,403742.7216666667,122521620.0,0.0032952773695505,-0.08273381294964033,0
1681344000,1.29,1.3,1.3,1.25,ok,170241.0,AREC,50.89285714285714,1.2833333333333332,218475.95,122691861.0,0.0017806882071827,-0.044117647058823595,0
1681430400,1.3,1.27,1.3,1.202,ok,388923.0,AREC,46.49122807017543,1.2573333333333332,489005.852,123080784.0,0.0039730479129869,-0.045112781954887216,0
1681689600,1.29,1.29,1.33,1.25,ok,160411.0,AREC,45.53571428571428,1.29,206930.19,123241195.0,0.0016790667276473,-0.03007518796992481,0
1681776000,1.29,1.29,1.3,1.23,ok,123332.0,AREC,46.36363636363636,1.2733333333333334,157042.74666666667,123364527.0,0.0012729975989505,-0.0337078651685393,0
1681862400,1.27,1.29,1.29,1.2518,ok,53913.0,AREC,45.37037037037037,1.2772666666666668,68861.27780000001,123418440.0,0.0005579496694335,0.040322580645161255,0
1681948800,1.27,1.28,1.29,1.26,ok,103933.0,AREC,36.45833333333335,1.2766666666666666,132687.79666666666,123522373.0,0.001074200514806,0.0039215686274509665,0
1682035200,1.27,1.25,1.27,1.25,ok,107512.0,AREC,20.238095238095227,1.2566666666666666,135106.74666666667,123629885.0,0.0010928324220852,-0.03846153846153855,0
1682294400,1.26,1.21,1.2621,1.15,ok,327895.0,AREC,24.28571428571428,1.2073666666666665,395889.4931666666,123957780.0,0.0031937446214885,-0.047244094488189003,0
1682380800,1.2,1.21,1.21,1.16,ok,167438.0,AREC,26.562499999999982,1.1933333333333334,199809.34666666668,124125218.0,0.0016097401469753,-0.06201550387596899,0
1682467200,1.2,1.2,1.215,1.17,ok,156671.0,AREC,28.33333333333333,1.195,187221.845,124281889.0,0.0015064290260345,-0.06976744186046513,0
1682553600,1.2,1.15,1.2,1.1,ok,370593.0,AREC,24.285714285714263,1.15,426181.95,124652482.0,0.0034189608033637,-0.10852713178294582,0
1682640000,1.15,1.11,1.1591,1.09,ok,218392.0,AREC,20.7792207792208,1.1197,244533.5224,124870874.0,0.0019582911095825,-0.1328124999999999,0
1682899200,1.09,1.14,1.17,1.04,ok,415117.0,AREC,34.37499999999997,1.1166666666666665,463547.3166666666,125285991.0,0.0036999133978727,-0.08800000000000008,0
1682985600,1.15,1.26,1.27,1.1,ok,408468.0,AREC,48.14814814814815,1.21,494246.28,125694459.0,0.0039321246452081,0.04132231404958686,0
1683072000,1.24,1.33,1.35,1.21,ok,543149.0,AREC,53.33333333333334,1.2966666666666666,704283.2033333334,126237608.0,0.0055790284249788,0.09917355371900838,0
1683158400,1.32,1.32,1.36,1.26,ok,242459.0,AREC,55.8139534883721,1.3133333333333337,318429.4866666667,126480067.0,0.0025176258537771,0.10000000000000009,0
1683244800,1.33,1.44,1.46,1.3,ok,236470.0,AREC,64.15094339622641,1.3999999999999997,331057.99999999994,126716537.0,0.0026125871795249,0.25217391304347836,0
1683504000,1.41,1.51,1.58,1.37,ok,459721.0,AREC,68.33333333333333,1.4866666666666666,683451.8866666666,127176258.0,0.0053740524954482,0.36036036036036023,0
1683590400,1.5,1.46,1.5,1.41,ok,170520.0,AREC,63.07692307692307,1.4566666666666668,248390.8,127346778.0,0.0019505071420024,0.2807017543859649,0
