t,o,c,h,l,s,v,Ticker,RSI,TP,Cumulative TP,Cumulative Volume,VWAP
1652140800,4.07,4.03,4.11,3.96,ok,34314.0,PCTI,,4.033333333333334,138399.80000000002,34314.0,4.033333333333334
1652227200,4.1,4.11,4.14,4.1,ok,63105.0,PCTI,,4.116666666666666,259782.24999999997,97419.0,2.6666487030250767
1652313600,4.07,3.99,4.1314,3.98,ok,60547.0,PCTI,,4.0338,244234.4886,157966.0,1.546120612030437
1652400000,4.08,4.15,4.18,4.0,ok,112954.0,PCTI,,4.11,464240.94000000006,270920.0,1.7135720507899013
1652659200,4.27,4.16,4.29,4.1129,ok,21740.0,PCTI,,4.187633333333333,91039.14866666666,292660.0,0.31107479213649514
1652745600,4.2,4.39,4.42,4.2,ok,39583.0,PCTI,,4.336666666666667,171658.27666666667,332243.0,0.5166648406939098
1652832000,4.36,4.37,4.4,4.3512,ok,5082.0,PCTI,,4.373733333333334,22227.312800000003,337325.0,0.06589287126658268
1652918400,4.31,4.28,4.38,4.2349,ok,28659.0,PCTI,,4.2983,123184.97970000001,365984.0,0.3365856969157122
1653004800,4.3327,4.02,4.3327,4.0,ok,79234.0,PCTI,,4.117566666666666,326251.2772666666,445218.0,0.7327899529369131
1653264000,4.05,4.15,4.17,4.05,ok,33673.0,PCTI,,4.123333333333333,138845.00333333333,478891.0,0.2899302833699805
1653350400,4.11,4.02,4.11,3.96,ok,24413.0,PCTI,,4.03,98384.39,503304.0,0.1954770675377108
1653436800,4.0778,4.1,4.1,4.02,ok,23036.0,PCTI,,4.073333333333333,93833.30666666667,526340.0,0.17827508201289408
1653523200,4.11,4.11,4.15,4.05,ok,24617.0,PCTI,,4.103333333333333,101011.75666666665,550957.0,0.18333873000373288
1653609600,4.12,4.19,4.2011,4.032,ok,36328.0,PCTI,55.71428571428571,4.141033333333334,150435.45893333334,587285.0,0.2561540971305811
1653955200,4.21,4.22,4.25,4.12,ok,23740.0,PCTI,56.64335664335661,4.196666666666666,99628.86666666665,611025.0,0.163052030058781
1654041600,4.2,4.24,4.32,4.17,ok,17636.0,PCTI,54.74452554744524,4.243333333333333,74835.42666666667,628661.0,0.11903939749191801
1654128000,4.2,4.26,4.31,4.2,ok,11243.0,PCTI,60.62992125984249,4.256666666666667,47857.70333333334,639904.0,0.07478887979030188
1654214400,4.21,4.25,4.31,4.2,ok,17666.0,PCTI,54.4642857142857,4.253333333333333,75139.38666666666,657570.0,0.11426827055167763
1654473600,4.2,4.09,4.22,4.08,ok,18171.0,PCTI,47.24409448818896,4.13,75046.23,675741.0,0.11105768334317438
1654560000,4.1,4.14,4.2,4.08,ok,28858.0,PCTI,38.532110091743135,4.140000000000001,119472.12000000001,704599.0,0.1695604450190818
1654646400,4.14,4.18,4.18,4.1,ok,14912.0,PCTI,41.44144144144144,4.153333333333333,61934.50666666667,719511.0,0.08607860987068533
1654732800,4.15,4.1,4.19,4.05,ok,6661.0,PCTI,41.818181818181806,4.113333333333333,27398.913333333334,726172.0,0.037730611113253244
1654819200,4.1043,4.03,4.12,4.01,ok,15554.0,PCTI,50.54945054945059,4.053333333333334,63045.54666666667,741726.0,0.08499843158614727
1655078400,4.03,4.02,4.07,3.95,ok,40119.0,PCTI,41.77215189873414,4.013333333333333,161010.91999999998,781845.0,0.20593713587731582
1655164800,4.02,4.08,4.0892,4.0128,ok,7050.0,PCTI,54.1666666666667,4.060666666666667,28627.700000000004,788895.0,0.0362883526958594
1655251200,4.07,4.02,4.12,4.0,ok,14042.0,PCTI,44.28571428571429,4.046666666666667,56823.293333333335,802937.0,0.0707693048562133
1655337600,4.0,4.03,4.08,3.9,ok,73239.0,PCTI,44.28571428571429,4.003333333333334,293200.13000000006,876176.0,0.3346361119227188
1655424000,4.12,4.34,4.49,3.9394,ok,98566.0,PCTI,58.06451612903223,4.256466666666667,419542.89346666675,974742.0,0.4304142978005121
1655769600,4.33,4.3,4.33,4.1117,ok,27913.0,PCTI,54.25531914893617,4.247233333333334,118553.02403333335,1002655.0,0.11823909922489126
1655856000,4.28,4.17,4.28,4.1173,ok,3859.0,PCTI,46.66666666666666,4.189100000000001,16165.736900000004,1006514.0,0.0160611147982045
1655942400,4.2,4.155,4.2,4.05,ok,14395.0,PCTI,44.97607655502396,4.135000000000001,59523.32500000001,1020909.0,0.05830424161213194
1656028800,4.2,4.14,4.25,4.12,ok,8521.0,PCTI,44.76190476190476,4.170000000000001,35532.57000000001,1029430.0,0.03451674227485114
1656288000,4.12,4.17,4.32,4.0717,ok,6688.0,PCTI,54.34782608695652,4.187233333333333,28004.216533333332,1036118.0,0.027028018559018697
1656374400,4.2158,4.22,4.22,4.09,ok,6436.0,PCTI,54.34782608695652,4.176666666666666,26881.02666666666,1042554.0,0.025783821909144907
1656460800,4.2764,4.14,4.2764,4.11,ok,6105.0,PCTI,47.91666666666667,4.175466666666666,25491.223999999995,1048659.0,0.02430840149181001
1656547200,4.07,4.09,4.1012,3.94,ok,25753.0,PCTI,49.462365591397855,4.043733333333333,104138.26453333332,1074412.0,0.09692582038671695
1656633600,4.0824,4.1,4.14,4.04,ok,5680.0,PCTI,54.02298850574709,4.093333333333333,23250.13333333333,1080092.0,0.021526067532518834
1656979200,4.1,4.08,4.1,4.02,ok,17648.0,PCTI,53.40909090909093,4.066666666666666,71768.53333333333,1097740.0,0.06537844419747238
1657065600,4.0289,4.06,4.06,4.0289,ok,4692.0,PCTI,48.80952380952378,4.0496333333333325,19000.879599999997,1102432.0,0.017235420960204344
1657152000,4.04,4.08,4.15,3.99,ok,18487.0,PCTI,53.75000000000002,4.073333333333333,75303.71333333333,1120919.0,0.06718033446960336
1657238400,4.1,4.27,4.32,4.03,ok,19019.0,PCTI,62.24489795918364,4.206666666666667,80006.59333333334,1139938.0,0.07018503930330715
1657497600,4.3,4.43,4.52,4.3,ok,33644.0,PCTI,55.421686746987945,4.416666666666667,148594.33333333334,1173582.0,0.1266160637546702
1657584000,4.39,4.41,4.53,4.14,ok,47978.0,PCTI,56.79012345679016,4.36,209184.08000000002,1221560.0,0.1712433936933102
1657670400,4.38,4.23,4.38,4.19,ok,30614.0,PCTI,53.48837209302328,4.266666666666667,130619.73333333334,1252174.0,0.10431436312631738
1657756800,4.23,4.17,4.24,4.1,ok,6116.0,PCTI,50.828729281767934,4.17,25503.72,1258290.0,0.020268554943613952
1657843200,4.17,4.13,4.18,4.1,ok,12939.0,PCTI,49.46236559139786,4.136666666666667,53524.33,1271229.0,0.042104396611468115
1658102400,4.14,4.15,4.19,4.0,ok,15454.0,PCTI,48.913043478260896,4.113333333333334,63567.453333333346,1286683.0,0.049404129325819446
1658188800,4.21,4.23,4.345,4.21,ok,28038.0,PCTI,50.52631578947372,4.261666666666667,119488.61,1314721.0,0.09088514597393668
1658275200,4.325,4.25,4.325,4.24,ok,10328.0,PCTI,56.179775280898895,4.271666666666667,44117.77333333334,1325049.0,0.03329520141016169
1658361600,4.29,4.48,4.51,4.29,ok,33568.0,PCTI,68.22429906542058,4.426666666666667,148594.34666666668,1358617.0,0.10937177045971505
1658448000,4.58,4.52,4.6,4.48,ok,12377.0,PCTI,69.0909090909091,4.533333333333333,56109.066666666666,1370994.0,0.04092582948332864
1658707200,4.57,4.46,4.57,4.46,ok,12298.0,PCTI,66.66666666666666,4.496666666666667,55300.00666666667,1383292.0,0.039977102930304424
1658793600,4.47,4.36,4.47,4.35,ok,7608.0,PCTI,62.29508196721316,4.3933333333333335,33424.48,1390900.0,0.024030828959666406
1658880000,4.36,4.53,4.53,4.36,ok,20131.0,PCTI,66.4233576642336,4.473333333333334,90052.67333333334,1411031.0,0.06382047831219395
1658966400,4.48,4.5,4.5101,4.39,ok,10300.0,PCTI,59.50413223140499,4.4667,46007.01,1421331.0,0.032368962613212544
1659052800,4.41,4.61,4.65,4.3974,ok,35902.0,PCTI,57.7586206896552,4.552466666666667,163442.65826666667,1457233.0,0.11215959168277596
1659312000,4.66,4.9,4.94,4.65,ok,64735.0,PCTI,67.13286713286715,4.83,312670.05,1521968.0,0.20543799212598424
1659398400,4.85,4.8,4.85,4.72,ok,13526.0,PCTI,71.11111111111109,4.79,64789.54,1535494.0,0.04219459014493056
1659484800,4.83,4.75,4.88,4.69,ok,7572.0,PCTI,71.64179104477613,4.773333333333333,36143.68,1543066.0,0.02342328844002784
1659571200,4.83,4.76,4.83,4.7,ok,13474.0,PCTI,74.04580152671755,4.763333333333334,64181.153333333335,1556540.0,0.041233218120532295
1659657600,4.72,4.69,4.81,4.534,ok,32266.0,PCTI,69.85294117647061,4.678,150940.348,1588806.0,0.09500237788628693
1659916800,4.757,4.6,4.7849,4.52,ok,17562.0,PCTI,63.50364963503648,4.634966666666666,81399.2846,1606368.0,0.05067287483316401
1660003200,4.52,4.52,4.64,4.52,ok,26440.0,PCTI,59.44055944055943,4.56,120566.4,1632808.0,0.07383991259229498
1660089600,4.57,4.69,4.87,4.57,ok,52912.0,PCTI,57.66423357664233,4.710000000000001,249215.52000000005,1685720.0,0.147839214104359
1660176000,4.6,4.79,4.79,4.6,ok,35947.0,PCTI,59.440559440559454,4.726666666666667,169909.48666666666,1721667.0,0.09868893733031223
1660262400,4.85,4.8,4.88,4.69,ok,29057.0,PCTI,62.31884057971013,4.79,139183.03,1750724.0,0.07950026960274721
1660521600,4.79,4.94,4.95,4.7,ok,51344.0,PCTI,70.42253521126759,4.863333333333333,249702.98666666666,1802068.0,0.13856468605328248
1660608000,4.97,5.01,5.16,4.95,ok,53034.0,PCTI,68.18181818181814,5.04,267291.36,1855102.0,0.14408445465532352
1660694400,5.01,4.95,5.12,4.9,ok,14821.0,PCTI,66.66666666666666,4.989999999999999,73956.79,1869923.0,0.039550714120314044
1660780800,4.95,4.91,4.95,4.5801,ok,31026.0,PCTI,61.71874999999999,4.813366666666667,149339.5142,1900949.0,0.07856050541071855
1660867200,4.88,5.18,5.19,4.82,ok,27663.0,PCTI,61.111111111111086,5.0633333333333335,140066.99,1928612.0,0.07262580031649704
1661126400,5.18,5.435,5.46,5.17,ok,81145.0,PCTI,72.43816254416961,5.3549999999999995,434531.475,2009757.0,0.21621095236886848
1661212800,5.48,5.33,5.48,5.16,ok,27727.0,PCTI,69.7278911564626,5.323333333333333,147600.06333333332,2037484.0,0.07244231774744407
1661299200,5.39,5.47,5.5,5.3011,ok,34898.0,PCTI,72.18750000000001,5.4237,189276.2826,2072382.0,0.09133271887132778
1661385600,5.49,5.565,5.61,5.37,ok,31995.0,PCTI,76.92307692307693,5.515000000000001,176452.42500000002,2104377.0,0.08385019651896976
1661472000,5.6,5.42,5.64,5.2616,ok,32834.0,PCTI,74.40476190476193,5.440533333333332,178634.4714666666,2137211.0,0.08358298336788769
1661731200,5.42,5.6,5.68,5.42,ok,36693.0,PCTI,80.3370786516854,5.566666666666666,204257.69999999998,2173904.0,0.09395893286916072
1661817600,5.6,5.4044,5.6,5.35,ok,13529.0,PCTI,69.78289765175012,5.451466666666666,73752.89253333332,2187433.0,0.03371664070777634
1661904000,5.27,5.5,5.51,5.25,ok,15412.0,PCTI,69.70908283366646,5.419999999999999,83533.03999999998,2202845.0,0.03792052550224822
1661990400,5.315,5.01,5.315,4.95,ok,42366.0,PCTI,54.60284061020516,5.091666666666667,215713.55000000002,2245211.0,0.09607718383706476
1662076800,5.01,5.08,5.1175,4.8001,ok,18403.0,PCTI,53.165701881331394,4.9992,92000.2776,2263614.0,0.04064309444984878
1662422400,5.05,5.07,5.16,5.045,ok,24823.0,PCTI,51.39457047229454,5.091666666666667,126390.44166666667,2288437.0,0.0552300289091055
1662508800,5.07,5.14,5.16,5.06,ok,9466.0,PCTI,54.39570608920968,5.12,48465.92,2297903.0,0.02109136895682716
1662595200,5.06,5.15,5.16,5.01,ok,33180.0,PCTI,55.63063063063064,5.1066666666666665,169439.19999999998,2331083.0,0.07268690132440586
1662681600,5.12,5.13,5.2196,5.06,ok,11367.0,PCTI,48.671061024877744,5.1365333333333325,58386.97439999999,2342450.0,0.024925601144101257
1662940800,5.15,5.17,5.24,5.15,ok,18602.0,PCTI,42.04777337654544,5.1866666666666665,96482.37333333334,2361052.0,0.04086414586944012
1663027200,5.17,5.17,5.195,5.0101,ok,9632.0,PCTI,44.87573661286189,5.1250333333333336,49364.32106666667,2370684.0,0.02082281783091575
1663113600,5.14,5.03,5.14,5.0,ok,19409.0,PCTI,35.908275685370256,5.0566666666666675,98144.84333333335,2390093.0,0.04106319014922572
1663200000,5.03,5.07,5.0889,5.0,ok,17785.0,PCTI,33.56791926702961,5.052966666666666,89867.01216666667,2407878.0,0.03732207867951228
1663286400,5.01,4.94,5.03,4.89,ok,22845.0,PCTI,33.905579399141644,4.953333333333333,113158.9,2430723.0,0.04655359742759664
1663545600,4.95,4.94,4.95,4.82,ok,21442.0,PCTI,24.8322147651007,4.903333333333333,105137.27333333333,2452165.0,0.042875285037235804
1663632000,4.9076,4.88,4.9198,4.82,ok,10529.0,PCTI,27.696495406600903,4.873266666666667,51310.62473333334,2462694.0,0.020835160492263083
1663718400,4.88,4.84,5.24,4.8,ok,11609.0,PCTI,20.535714285714302,4.96,57580.64,2474303.0,0.023271458669370727
1663804800,4.84,4.64,4.84,4.61,ok,15223.0,PCTI,27.710843373494,4.696666666666666,71497.35666666666,2489526.0,0.028719264898887042
1663891200,4.61,4.575,4.63,4.49,ok,17931.0,PCTI,19.393939393939405,4.565,81855.01500000001,2507457.0,0.03264463358693689
1664150400,4.58,4.36,4.7002,4.35,ok,28348.0,PCTI,15.533980582524292,4.470066666666667,126717.44986666668,2535805.0,0.049971291115313156
1664236800,4.36,4.42,4.479,4.2,ok,39122.0,PCTI,14.705882352941202,4.366333333333333,170819.69266666667,2574927.0,0.06633962542109609
1664323200,4.46,4.47,4.5375,4.38,ok,35064.0,PCTI,17.924528301886753,4.4624999999999995,156473.09999999998,2609991.0,0.059951586039951855
1664409600,4.3901,4.51,4.6,4.28,ok,10853.0,PCTI,21.296296296296266,4.463333333333333,48440.556666666664,2620844.0,0.018482808082688883
1664496000,4.61,4.72,4.88,4.6,ok,67466.0,PCTI,31.999999999999982,4.733333333333333,319339.06666666665,2688310.0,0.11878803659796179
1664755200,4.7585,4.74,4.9595,4.72,ok,11269.0,PCTI,33.07086614173228,4.806500000000001,54164.448500000006,2699579.0,0.020064035355142416
1664841600,4.85,4.73,4.95,4.72,ok,9600.0,PCTI,36.8421052631579,4.8,46080.0,2709179.0,0.01700884290037683
1664928000,4.75,4.56,4.75,4.53,ok,15051.0,PCTI,29.921259842519675,4.613333333333333,69435.28,2724230.0,0.025488038821979055
1665014400,4.56,4.65,4.7699,4.46,ok,17623.0,PCTI,38.211382113821145,4.626633333333333,81535.15923333334,2741853.0,0.029737246757332848
1665100800,4.65,4.67,4.7,4.6047,ok,12213.0,PCTI,39.19999999999999,4.6582333333333334,56891.0037,2754066.0,0.020657095254797815
1665360000,4.6638,4.6,4.7,4.6,ok,12982.0,PCTI,38.888888888888886,4.633333333333334,60149.93333333334,2767048.0,0.021737943589461888
1665446400,4.62,4.43,4.65,4.41,ok,16685.0,PCTI,35.25179856115108,4.496666666666667,75026.88333333335,2783733.0,0.02695189636841369
1665532800,4.42,4.41,4.44,4.39,ok,7143.0,PCTI,40.49586776859507,4.413333333333333,31524.44,2790876.0,0.01129553588192381
1665619200,4.41,4.565,4.565,4.36,ok,16579.0,PCTI,49.61538461538462,4.496666666666667,74550.23666666668,2807455.0,0.026554383477799887
1665705600,4.5918,4.39,4.5918,4.31,ok,6668.0,PCTI,51.19047619047617,4.430599999999999,29543.240799999996,2814123.0,0.01049820523125677
1665964800,4.419,4.43,4.4438,4.3799,ok,4531.0,PCTI,50.4032258064516,4.4179,20017.504900000004,2818654.0,0.007101795715259838
1666051200,4.43,4.42,4.505,4.31,ok,19393.0,PCTI,47.91666666666668,4.411666666666666,85555.45166666666,2838047.0,0.030145889644063915
1666137600,4.42,4.41,4.4622,4.41,ok,5255.0,PCTI,45.72649572649575,4.4274,23265.986999999997,2843302.0,0.008182735073516635
1666224000,4.28,4.47,4.47,4.28,ok,14516.0,PCTI,37.7450980392157,4.406666666666666,63967.173333333325,2857818.0,0.022383221511423513
1666310400,4.4,4.46,4.5,4.33,ok,18116.0,PCTI,36.13861386138613,4.43,80253.87999999999,2875934.0,0.027905327451881717
1666569600,4.42,4.49,4.5,4.33,ok,3892.0,PCTI,38.3495145631068,4.44,17280.480000000003,2879826.0,0.006000529198639085
1666656000,4.3442,4.43,4.49,4.34,ok,20141.0,PCTI,42.93478260869566,4.42,89023.22,2899967.0,0.030698011391164105
1666742400,4.4,4.44,4.5,4.35,ok,38067.0,PCTI,37.500000000000014,4.43,168636.81,2938034.0,0.057397841549825496
1666828800,4.49,4.58,4.6,4.45,ok,43086.0,PCTI,45.312500000000014,4.543333333333334,195754.06000000003,2981120.0,0.06566460256547875
1666915200,4.6,4.75,4.775,4.6,ok,15648.0,PCTI,57.07547169811322,4.708333333333333,73676.0,2996768.0,0.02458515307157578
1667174400,4.745,4.65,4.8979,4.62,ok,17390.0,PCTI,61.11111111111114,4.7226333333333335,82126.59366666667,3014158.0,0.027246943812058513
1667260800,4.66,4.61,4.66,4.58,ok,8166.0,PCTI,59.90099009900991,4.616666666666667,37699.700000000004,3022324.0,0.012473745369457412
1667347200,4.62,4.49,4.66,4.39,ok,27643.0,PCTI,46.15384615384615,4.513333333333334,124762.07333333335,3049967.0,0.040906040404153014
1667433600,4.51,4.4,4.51,4.29,ok,29727.0,PCTI,50.56179775280903,4.4,130798.80000000002,3079694.0,0.04247136241457756
1667520000,4.85,4.56,4.9,4.28,ok,109772.0,PCTI,56.43564356435643,4.579999999999999,502755.7599999999,3189466.0,0.15763007349819685
1667779200,4.46,4.61,4.6378,4.46,ok,40902.0,PCTI,59.047619047619065,4.569266666666667,186892.1452,3230368.0,0.05785475376180051
1667865600,4.58,4.7,4.75,4.57,ok,30029.0,PCTI,62.83185840707965,4.673333333333333,140335.52666666664,3260397.0,0.04304246589193483
1667952000,4.7,4.8,4.8,4.7,ok,34528.0,PCTI,64.1025641025641,4.766666666666667,164583.46666666667,3294925.0,0.04995059573940732
1668038400,4.88,4.83,4.95,4.76,ok,39337.0,PCTI,65.54621848739495,4.846666666666667,190653.32666666666,3334262.0,0.0571800676331574
1668124800,4.79,4.72,4.94,4.7,ok,22386.0,PCTI,59.055118110236194,4.786666666666666,107154.31999999999,3356648.0,0.03192301367316441
1668384000,4.75,4.75,4.85,4.715,ok,27419.0,PCTI,62.903225806451616,4.7716666666666665,130834.32833333332,3384067.0,0.038661861107753874
1668470400,4.81,4.61,4.8499,4.47,ok,80931.0,PCTI,56.20437956204379,4.6433,375786.9123,3464998.0,0.10845227394070647
1668556800,4.64,4.57,4.82,4.53,ok,23621.0,PCTI,49.60629921259843,4.640000000000001,109601.44000000002,3488619.0,0.03141685578161445
1668643200,4.53,4.54,4.615,4.5,ok,40090.0,PCTI,40.70796460176991,4.551666666666667,182476.31666666668,3528709.0,0.051711919760645236
1668729600,4.5265,4.49,4.6,4.45,ok,40991.0,PCTI,42.59259259259259,4.513333333333334,185006.0466666667,3569700.0,0.051826777226844464
1668988800,4.54,4.52,4.57,4.42,ok,43980.0,PCTI,45.79439252336445,4.503333333333333,198056.59999999998,3613680.0,0.05480745389741205
1669075200,4.52,4.57,4.66,4.52,ok,31087.0,PCTI,54.0,4.583333333333333,142482.0833333333,3644767.0,0.039092233696511554
1669161600,4.54,4.53,4.6,4.5106,ok,9102.0,PCTI,56.84210526315788,4.546866666666666,41385.5804,3653869.0,0.011326509078459024
1669334400,4.555,4.53,4.555,4.49,ok,5876.0,PCTI,48.10126582278485,4.5249999999999995,26588.899999999998,3659745.0,0.007265232960219905
1669593600,4.56,4.57,4.63,4.5305,ok,23927.0,PCTI,47.43589743589743,4.576833333333333,109509.89116666665,3683672.0,0.029728458767954002
1669680000,4.6019,4.62,4.6373,4.53,ok,12381.0,PCTI,44.59459459459459,4.595766666666667,56900.1871,3696053.0,0.015394851507811171
1669766400,4.58,4.54,4.62,4.45,ok,75429.0,PCTI,31.944444444444485,4.536666666666666,342196.23,3771482.0,0.09073256348565364
1669852800,4.59,4.5,4.59,4.46,ok,13225.0,PCTI,27.39726027397261,4.516666666666667,59732.916666666664,3784707.0,0.0157827056801667
1669939200,4.46,4.46,4.5,4.41,ok,46809.0,PCTI,30.30303030303033,4.456666666666667,208612.11000000002,3831516.0,0.05444636274519016
1670198400,4.42,4.3,4.59,4.28,ok,45390.0,PCTI,21.51898734177213,4.390000000000001,199262.10000000003,3876906.0,0.05139719663050898
1670284800,4.32,4.25,4.3201,4.24,ok,16331.0,PCTI,24.285714285714263,4.270033333333333,69733.91436666666,3893237.0,0.017911551330336853
1670371200,4.28,4.22,4.33,4.15,ok,49154.0,PCTI,24.637681159420268,4.233333333333333,208085.26666666666,3942391.0,0.052781488864667825
1670457600,4.2,4.2,4.2799,4.18,ok,18649.0,PCTI,25.0,4.219966666666667,78698.15836666667,3961040.0,0.019868054441931075
1670544000,4.2785,4.18,4.2785,4.18,ok,20623.0,PCTI,26.15384615384612,4.212833333333333,86881.26183333334,3981663.0,0.021820345376626134
1670803200,4.18,4.17,4.22,4.13,ok,22324.0,PCTI,22.222222222222285,4.173333333333333,93165.49333333332,4003987.0,0.023268180774146698
1670889600,4.2,4.04,4.21,4.02,ok,173905.0,PCTI,12.676056338028149,4.09,711271.45,4177892.0,0.1702464903353174
1670976000,4.08,4.17,4.2,4.0,ok,350966.0,PCTI,27.499999999999982,4.123333333333333,1447149.8066666666,4528858.0,0.31953967350415197
1671062400,4.17,4.215,4.23,4.12,ok,54021.0,PCTI,31.360946745562103,4.1883333333333335,226257.95500000002,4582879.0,0.049370265939816436
1671148800,4.19,4.25,4.25,4.1303,ok,20471.0,PCTI,30.95238095238093,4.2101,86184.9571,4603350.0,0.018722225574853098
1671408000,4.26,4.34,4.37,4.25,ok,54461.0,PCTI,34.090909090909065,4.32,235271.52000000002,4657811.0,0.050511177890214955
1671494400,4.35,4.32,4.39,4.29,ok,16870.0,PCTI,36.585365853658544,4.333333333333333,73103.33333333333,4674681.0,0.01563814372217769
1671580800,4.36,4.16,4.36,4.16,ok,31992.0,PCTI,31.91489361702128,4.226666666666667,135219.52,4706673.0,0.028729321114936174
1671667200,4.17,4.3286,4.3699,4.17,ok,78662.0,PCTI,43.851768669286905,4.289499999999999,337420.649,4785335.0,0.0705113955449305
1671753600,4.3,4.25,4.38,4.25,ok,31964.0,PCTI,47.46758508914101,4.293333333333333,137232.10666666666,4817299.0,0.028487354981840792
1672099200,4.21,4.26,4.38,4.2,ok,37868.0,PCTI,50.5278716216216,4.28,162075.04,4855167.0,0.033381970177338904
1672185600,4.23,4.2,4.24,4.13,ok,39606.0,PCTI,48.97666803110931,4.19,165949.14,4894773.0,0.03390333729470192
1672272000,4.19,4.24,4.25,4.16,ok,87181.0,PCTI,52.00561572402729,4.216666666666667,367613.2166666667,4981954.0,0.07378896245663182
1672358400,4.21,4.3,4.3,4.17,ok,37957.0,PCTI,55.78480524489011,4.256666666666667,161570.29666666666,5019911.0,0.03218588868740236
1672704000,4.34,4.29,4.43,4.26,ok,62867.0,PCTI,55.78480524489011,4.326666666666667,272004.55333333334,5082778.0,0.05351493874675096
1672790400,4.3808,4.35,4.3808,4.32,ok,14149.0,PCTI,66.02564102564105,4.350266666666667,61551.92306666668,5096927.0,0.012076281074197585
1672876800,4.29,4.39,4.4,4.23,ok,21792.0,PCTI,62.53989968080258,4.34,94577.28,5118719.0,0.018476747795688725
1672963200,4.4,4.3208,4.4,4.3,ok,43679.0,PCTI,55.86864876858224,4.3402666666666665,189578.50773333333,5162398.0,0.036722954668224596
1673222400,4.32,4.47,4.49,4.32,ok,40887.0,PCTI,60.83103584088226,4.426666666666667,180993.12,5203285.0,0.034784394858248205
1673308800,4.5,4.55,4.5906,4.41,ok,24422.0,PCTI,60.441527446300746,4.516866666666666,110310.91773333332,5227707.0,0.021101205123648537
1673395200,4.55,4.74,4.74,4.55,ok,40093.0,PCTI,67.86321878189864,4.676666666666667,187501.59666666668,5267800.0,0.035593909538453754
1673481600,4.7401,4.85,4.85,4.7301,ok,71488.0,PCTI,80.65031982942438,4.810033333333333,343859.6629333333,5339288.0,0.06440178221016235
1673568000,4.84,5.04,5.07,4.8072,ok,76211.0,PCTI,81.0113339145598,4.9724,378951.5764,5415499.0,0.06997537556557577
1673913600,5.04,4.94,5.12,4.94,ok,43871.0,PCTI,79.52755905511819,5.0,219355.0,5459370.0,0.04017954452619991
1674000000,4.94,4.66,5.06,4.65,ok,84939.0,PCTI,63.90433815350392,4.79,406857.81,5544309.0,0.07338296079818062
1674086400,4.59,4.68,4.81,4.59,ok,24187.0,PCTI,67.16247139588101,4.6933333333333325,113517.6533333333,5568496.0,0.020385693611584405
1674172800,4.701,4.68,4.82,4.56,ok,32684.0,PCTI,66.19552414605418,4.6866666666666665,153179.01333333334,5601180.0,0.02734763270120463
1674432000,4.64,4.71,4.788,4.64,ok,28927.0,PCTI,65.43209876543213,4.712666666666667,136323.30866666668,5630107.0,0.024213271375955497
1674518400,4.79,4.7,4.8,4.7,ok,25915.0,PCTI,65.43209876543213,4.733333333333333,122664.33333333333,5656022.0,0.02168738617589064
1674604800,4.71,4.655,4.73,4.6101,ok,17884.0,PCTI,61.61108573168878,4.665033333333334,83429.45613333334,5673906.0,0.014704060330455482
1674691200,4.64,4.61,4.6697,4.6,ok,32106.0,PCTI,58.34344660194178,4.626566666666666,148540.5494,5706012.0,0.026032288295222653
1674777600,4.65,4.67,4.7886,4.65,ok,9904.0,PCTI,63.33638863428048,4.702866666666667,46577.19146666667,5715916.0,0.008148683687210705
1675036800,4.64,4.63,4.68,4.61,ok,27446.0,PCTI,56.66666666666668,4.64,127349.43999999999,5743362.0,0.022173326354842336
1675123200,4.67,4.63,4.74,4.63,ok,21024.0,PCTI,53.57142857142858,4.666666666666667,98112.0,5764386.0,0.017020373028454376
1675209600,4.68,4.71,4.8,4.68,ok,16302.0,PCTI,48.51485148514851,4.73,77108.46,5780688.0,0.013338976260265215
1675296000,4.71,4.76,4.8,4.71,ok,30731.0,PCTI,45.26315789473685,4.756666666666667,146177.12333333335,5811419.0,0.02515343039855384
1675382400,4.76,4.66,4.76,4.64,ok,28010.0,PCTI,27.90697674418601,4.6866666666666665,131273.53333333333,5839429.0,0.02248054276083044
1675641600,4.61,4.65,4.78,4.61,ok,33968.0,PCTI,31.168831168831133,4.680000000000001,158970.24000000002,5873397.0,0.02706614928294478
1675728000,4.65,4.72,4.755,4.65,ok,18055.0,PCTI,55.35714285714285,4.708333333333333,85008.95833333333,5891452.0,0.01442920324791466
1675814400,4.7484,4.67,4.7484,4.6201,ok,16847.0,PCTI,49.15254237288137,4.6795,78835.5365,5908299.0,0.013343186676909886
1675900800,4.67,4.6,4.7,4.58,ok,27034.0,PCTI,43.93939393939392,4.626666666666667,125077.30666666667,5935333.0,0.021073342753753947
1675987200,4.6,4.65,4.7036,4.6,ok,17636.0,PCTI,45.58823529411767,4.6512,82028.5632,5952969.0,0.01377943731942834
1676246400,4.7,4.65,4.7799,4.65,ok,32333.0,PCTI,46.26865671641792,4.6933,151748.4689,5985302.0,0.0253535191540878
1676332800,4.65,4.77,4.7999,4.65,ok,31467.0,PCTI,57.718120805369104,4.739966666666667,149152.5311,6016769.0,0.024789472738607713
1676419200,4.77,4.9,5.05,4.77,ok,83701.0,PCTI,67.4698795180723,4.906666666666667,410692.90666666673,6100470.0,0.06732151894307598
1676505600,4.85,4.72,4.94,4.72,ok,27700.0,PCTI,52.63157894736841,4.793333333333333,132775.3333333333,6128170.0,0.021666391978899625
1676592000,4.73,4.765,4.8,4.71,ok,14432.0,PCTI,57.06806282722512,4.758333333333333,68672.26666666666,6142602.0,0.011179670547866631
1676937600,4.77,4.6,4.77,4.55,ok,39537.0,PCTI,48.66071428571427,4.64,183451.68,6182139.0,0.02967446704126193
1677024000,4.6,4.55,4.61,4.52,ok,18763.0,PCTI,42.66055045871559,4.56,85559.28,6200902.0,0.013797876502483026
1677110400,4.56,4.55,4.6,4.32,ok,70711.0,PCTI,39.90384615384616,4.489999999999999,317492.38999999996,6271613.0,0.05062372152108237
1677196800,4.52,4.46,4.5243,4.4,ok,24600.0,PCTI,40.29126213592232,4.461433333333333,109751.26,6296213.0,0.017431313076606524
1677456000,4.46,4.43,4.46,4.3301,ok,42198.0,PCTI,39.5238095238095,4.4067,185953.9266,6338411.0,0.029337625250240165
1677542400,4.46,4.48,4.56,4.4501,ok,25438.0,PCTI,38.34951456310686,4.4967,114387.05459999999,6363849.0,0.017974507974654958
1677628800,4.53,4.67,4.69,4.39,ok,19212.0,PCTI,50.0,4.583333333333333,88055.0,6383061.0,0.013795105514423252
1677715200,4.57,4.63,4.76,4.54,ok,57153.0,PCTI,51.31578947368422,4.6433333333333335,265380.43,6440214.0,0.04120677201099218
1677801600,4.63,4.7,4.73,4.62,ok,27081.0,PCTI,52.155172413793096,4.683333333333334,126829.35,6467295.0,0.01961088059227235
1678060800,4.7,4.67,4.8299,4.6234,ok,13254.0,PCTI,50.84033613445376,4.707766666666667,62396.739400000006,6480549.0,0.009628310718736948
1678147200,4.66,4.61,4.66,4.445,ok,30899.0,PCTI,42.92035398230093,4.571666666666666,141259.92833333332,6511448.0,0.021694088370717745
1678233600,4.75,5.05,5.08,4.6799,ok,101583.0,PCTI,55.208333333333314,4.936633333333333,501478.0239,6613031.0,0.07583179693245048
1678320000,5.06,4.79,5.06,4.79,ok,20200.0,PCTI,52.30263157894738,4.88,98576.0,6633231.0,0.014860932779214232
1678406400,4.83,4.79,4.9005,4.73,ok,25697.0,PCTI,50.847457627118665,4.8068333333333335,123521.19616666668,6658928.0,0.01854971193060905
1678665600,4.62,4.55,4.75,4.54,ok,53253.0,PCTI,48.38709677419355,4.613333333333333,245673.84,6712181.0,0.036601194157308926
1678752000,4.66,4.48,4.66,4.46,ok,53306.0,PCTI,47.77070063694269,4.533333333333334,241653.8666666667,6765487.0,0.03571862109359854
1678838400,4.44,4.23,4.44,4.1901,ok,50735.0,PCTI,41.208791208791226,4.286700000000001,217485.72450000004,6816222.0,0.03190707763039408
1678924800,4.24,4.28,4.2904,4.17,ok,36317.0,PCTI,44.943820224719104,4.2468,154231.0356,6852539.0,0.022507137223151886
1679011200,4.25,4.23,4.28,4.1651,ok,69405.0,PCTI,44.44444444444446,4.225033333333333,293238.4385,6921944.0,0.042363595906005594
1679270400,4.3,4.28,4.37,4.24,ok,67902.0,PCTI,44.44444444444443,4.296666666666667,291752.26,6989846.0,0.041739440325294724
1679356800,4.27,4.25,4.36,4.16,ok,85445.0,PCTI,37.19512195121951,4.256666666666667,363710.88333333336,7075291.0,0.051405784346302275
1679443200,4.2206,4.19,4.2382,4.07,ok,69951.0,PCTI,36.74698795180724,4.166066666666667,291420.5294,7145242.0,0.04078525673448149
1679529600,4.19,4.2,4.28,4.1701,ok,32701.0,PCTI,34.37499999999997,4.2166999999999994,137890.3067,7177943.0,0.019210281650327954
1679616000,4.2,4.27,4.3,4.1,ok,33740.0,PCTI,37.80487804878046,4.223333333333333,142495.26666666663,7211683.0,0.019758947622443557
1679875200,4.34,4.29,4.3595,4.2127,ok,60297.0,PCTI,39.99999999999998,4.287399999999999,258517.35779999994,7271980.0,0.03554978943836478
1679961600,4.33,4.33,4.3629,4.28,ok,29077.0,PCTI,19.99999999999997,4.3243,125737.6711,7301057.0,0.017221844878077243
1680048000,4.3,4.26,4.36,4.2593,ok,37429.0,PCTI,23.762376237623712,4.2931,160686.4399,7338486.0,0.021896402050777232
1680134400,4.28,4.24,4.29,4.21,ok,14772.0,PCTI,23.30097087378637,4.246666666666667,62731.76,7353258.0,0.008531151769732546
1680220800,4.28,4.23,4.28,4.2107,ok,59268.0,PCTI,29.999999999999982,4.240233333333333,251310.14919999999,7412526.0,0.033903442524181364
1680480000,4.28,4.27,4.5,4.24,ok,94039.0,PCTI,36.36363636363626,4.336666666666667,407815.7966666667,7506565.0,0.05432788454728184
1680566400,4.3,4.28,4.32,4.2101,ok,22552.0,PCTI,54.71698113207547,4.270033333333334,96297.79173333335,7529117.0,0.012790051175102386
1680652800,4.3,4.24,4.3,4.21,ok,19231.0,PCTI,46.15384615384615,4.25,81731.75,7548348.0,0.01082776655236351
1680739200,4.24,4.23,4.27,4.21,ok,12189.0,PCTI,50.0,4.236666666666667,51640.73000000001,7560537.0,0.006830299223454631
1681084800,4.33,4.37,4.4,4.28,ok,122132.0,PCTI,57.89473684210528,4.3500000000000005,531274.2000000001,7682669.0,0.06915229590133326
1681171200,4.34,4.36,4.48,4.34,ok,52147.0,PCTI,60.00000000000007,4.3933333333333335,229099.15333333335,7734816.0,0.029619211799392947
1681257600,4.42,4.43,4.4629,4.335,ok,58616.0,PCTI,71.42857142857144,4.4093,258455.5288,7793432.0,0.03316324936177027
1681344000,4.405,4.44,4.48,4.37,ok,7867.0,PCTI,71.4285714285715,4.430000000000001,34850.810000000005,7801299.0,0.004467308585403534
1681430400,4.47,4.45,4.52,4.38,ok,43792.0,PCTI,68.00000000000009,4.449999999999999,194874.39999999997,7845091.0,0.024840298219612745
1681689600,4.51,4.58,4.5822,4.465,ok,37022.0,PCTI,73.77049180327874,4.5424,168168.7328,7882113.0,0.021335488694465558
1681776000,4.57,4.51,4.57,4.485,ok,24372.0,PCTI,64.0625,4.5216666666666665,110202.06,7906485.0,0.013938186185137896
1681862400,4.49,4.5,4.57,4.4623,ok,20793.0,PCTI,70.68965517241386,4.510766666666666,93792.37129999998,7927278.0,0.011831598601689001
1681948800,4.5,4.65,4.69,4.45,ok,45591.0,PCTI,78.87323943661977,4.596666666666667,209566.63,7972869.0,0.026284970943332948
1682035200,4.63,4.71,4.78,4.55,ok,39595.0,PCTI,81.57894736842107,4.68,185304.59999999998,8012464.0,0.023127043066901765
1682294400,4.58,4.75,4.7668,4.58,ok,63968.0,PCTI,81.5789473684211,4.698933333333334,300581.3674666667,8076432.0,0.03721709877166881
1682380800,4.75,4.68,4.75,4.65,ok,28868.0,PCTI,74.39024390243901,4.693333333333333,135487.14666666667,8105300.0,0.016715870685436278
1682467200,4.68,4.67,4.71,4.65,ok,19929.0,PCTI,77.21518987341773,4.676666666666667,93201.29000000001,8125229.0,0.01147060470541815
1682553600,4.71,4.81,4.85,4.69,ok,50584.0,PCTI,81.52173913043477,4.783333333333332,241960.13333333327,8175813.0,0.029594626654662146
1682640000,4.8,4.76,4.83,4.75,ok,24572.0,PCTI,73.49397590361446,4.78,117454.16,8200385.0,0.014323005566202075
1682899200,4.74,4.76,4.8199,4.6702,ok,71795.0,PCTI,74.39024390243901,4.7500333333333336,341028.6431666667,8272180.0,0.04122596983705223
1682985600,4.78,4.71,4.78,4.66,ok,73871.0,PCTI,67.50000000000003,4.716666666666668,348424.8833333334,8346051.0,0.04174727464921235
1683072000,4.71,4.71,4.76,4.6501,ok,32943.0,PCTI,67.0886075949367,4.7067000000000005,155052.8181,8378994.0,0.018504944400246616
1683158400,4.66,4.42,4.66,4.42,ok,53351.0,PCTI,48.59813084112148,4.5,240079.5,8432345.0,0.02847126155298437
1683244800,4.27,4.21,4.4,4.08,ok,112133.0,PCTI,33.91304347826086,4.23,474322.59,8544478.0,0.0555121787428091
1683504000,4.11,4.51,4.57,4.11,ok,143597.0,PCTI,50.0,4.3966666666666665,631348.1433333333,8688075.0,0.07266835787367551
1683590400,4.41,4.75,4.82,4.41,ok,233067.0,PCTI,57.76397515527951,4.66,1086092.22,8921142.0,0.12174363102840421
